,Speaker,Speaker Party,"('allgemein', 'volksinitiativ')","('antrag', 'kommission')","('antrag', 'mehrheit')","('antrag', 'mind')","('antwort', 'bundesrat')","('arbeitnehmerinn', 'arbeitnehm')","('arme', 'xxi')","('artikel', 'absatz')","('artikel', 'or')","('aussenpolit', 'kommission')","('bilateral', 'abkomm')","('bitt', 'antrag')","('bitt', 'deshalb')","('bund', 'kanton')","('bundesamt', 'justiz')","('bundesrat', 'villig')","('d', 'h')","('darum', 'geht')","('de', 'dardel')","('drei', 'jahr')","('einseit', 'massnahm')","('erneuerbar', 'energi')","('europa', 'union')","('flankier', 'massnahm')","('flughaf', 'zurich')","('folg', 'geb')","('frag', 'herrn')","('fried', 'sicherheitspolit')","('ganz', 'klar')","('ganz', 'schweiz')","('ganz', 'wichtig')","('geht', 'darum')","('geltend', 'recht')","('gemass', 'artikel')","('herr', 'kolleg')","('herr', 'schluer')","('initiativ', 'folg')","('inn', 'sich')","('kanton', 'uri')","('kanton', 'zurich')","('kenntnis', 'nehm')","('kommission', 'beantragt')","('kommission', 'folg')","('kommission', 'rechtsfrag')","('konstruktiv', 'referendum')","('konsumentinn', 'konsument')","('mehr', 'benotigt')","('mehr', 'geld')","('mehrheit', 'kommission')","('mehrheit', 'svpfraktion')","('mieterinn', 'miet')","('million', 'frank')","('mind', 'i')","('mind', 'ii')","('mocht', 'daran')","('nach', 'jahr')","('nam', 'kommission')","('nam', 'spfraktion')","('nam', 'svpfraktion')","('neu', 'steu')","('offent', 'verkehr')","('parlamentar', 'initiativ')","('pro', 'helvetia')","('pro', 'jahr')","('servic', 'public')","('spfraktion', 'bitt')","('spfraktion', 'mocht')","('spfraktion', 'unterstutzt')","('st', 'gall')","('stimm', 'enthalt')","('svpfraktion', 'antrag')","('svpfraktion', 'bitt')","('svpfraktion', 'bittet')","('svpfraktion', 'empfiehlt')","('svpfraktion', 'lehnt')","('svpfraktion', 'mehrheit')","('svpfraktion', 'mind')","('svpfraktion', 'stimmt')","('svpfraktion', 'unterstutzt')","('uns', 'kommission')","('vier', 'jahr')","('vorstoss', 'rahm')","('zweit', 'etapp')","('zweit', 'saul')"
0,Adolf Ogi,Schweizerische Volkspartei (SVP),0.0,0.0035087719298245615,0.0,0.02456140350877193,0.031578947368421054,0.0,0.16140350877192983,0.031578947368421054,0.0,0.014035087719298246,0.0035087719298245615,0.02456140350877193,0.03508771929824561,0.03859649122807018,0.0,0.0,0.05964912280701754,0.010526315789473684,0.007017543859649123,0.028070175438596492,0.0,0.0,0.0,0.007017543859649123,0.0,0.0,0.017543859649122806,0.0,0.08421052631578947,0.0,0.007017543859649123,0.021052631578947368,0.0,0.0035087719298245615,0.0,0.02456140350877193,0.0,0.04912280701754386,0.0035087719298245615,0.0,0.028070175438596492,0.0,0.0035087719298245615,0.0,0.0,0.0,0.0,0.0,0.017543859649122806,0.0,0.0,0.15087719298245614,0.010526315789473684,0.0,0.007017543859649123,0.042105263157894736,0.0,0.0,0.0,0.0,0.0,0.0035087719298245615,0.0,0.007017543859649123,0.010526315789473684,0.0,0.0,0.0,0.0035087719298245615,0.0,0.0,0.0,0.0,0.0,0.0,0.0,0.0,0.0,0.0,0.0,0.02456140350877193,0.0,0.0,0.0
1,Bruno Zuppiger,Schweizerische Volkspartei (SVP),0.0,0.003067484662576687,0.027607361963190184,0.0736196319018405,0.0,0.003067484662576687,0.0,0.046012269938650305,0.0,0.0,0.0,0.024539877300613498,0.003067484662576687,0.05521472392638037,0.0,0.006134969325153374,0.015337423312883436,0.006134969325153374,0.0,0.006134969325153374,0.0,0.006134969325153374,0.0,0.003067484662576687,0.0,0.009202453987730062,0.003067484662576687,0.0,0.03374233128834356,0.0,0.0,0.02147239263803681,0.006134969325153374,0.003067484662576687,0.006134969325153374,0.0,0.0,0.003067484662576687,0.0,0.009202453987730062,0.018404907975460124,0.0,0.009202453987730062,0.0,0.0,0.0,0.0,0.009202453987730062,0.06748466257668712,0.012269938650306749,0.003067484662576687,0.19325153374233128,0.05828220858895705,0.018404907975460124,0.0,0.012269938650306749,0.0,0.0,0.05828220858895705,0.018404907975460124,0.003067484662576687,0.003067484662576687,0.003067484662576687,0.012269938650306749,0.0,0.0,0.003067484662576687,0.003067484662576687,0.0,0.003067484662576687,0.018404907975460124,0.02147239263803681,0.003067484662576687,0.0,0.0,0.027607361963190184,0.018404907975460124,0.009202453987730062,0.003067484662576687,0.003067484662576687,0.012269938650306749,0.0,0.0,0.0
2,Caspar Baader,Schweizerische Volkspartei (SVP),0.009259259259259259,0.001851851851851852,0.018518518518518517,0.05925925925925926,0.003703703703703704,0.007407407407407408,0.0,0.10925925925925926,0.0,0.0,0.001851851851851852,0.014814814814814815,0.02962962962962963,0.014814814814814815,0.003703703703703704,0.007407407407407408,0.07037037037037037,0.007407407407407408,0.001851851851851852,0.003703703703703704,0.0,0.0,0.0,0.005555555555555556,0.0,0.022222222222222223,0.0,0.0,0.011111111111111112,0.0,0.0,0.025925925925925925,0.001851851851851852,0.020370370370370372,0.003703703703703704,0.001851851851851852,0.011111111111111112,0.0,0.0,0.005555555555555556,0.0,0.001851851851851852,0.007407407407407408,0.011111111111111112,0.0,0.009259259259259259,0.005555555555555556,0.001851851851851852,0.06666666666666667,0.003703703703703704,0.005555555555555556,0.1537037037037037,0.04259259259259259,0.03333333333333333,0.0,0.0,0.007407407407407408,0.0,0.005555555555555556,0.007407407407407408,0.0,0.06851851851851852,0.0,0.03148148148148148,0.0,0.0,0.0,0.0,0.0,0.012962962962962963,0.001851851851851852,0.001851851851851852,0.012962962962962963,0.0,0.0,0.003703703703703704,0.003703703703703704,0.0,0.012962962962962963,0.0,0.011111111111111112,0.0,0.0,0.001851851851851852
3,Christian Speck,Schweizerische Volkspartei (SVP),0.0,0.007633587786259542,0.011450381679389313,0.0916030534351145,0.003816793893129771,0.0,0.0,0.07251908396946564,0.0,0.0,0.0,0.019083969465648856,0.019083969465648856,0.003816793893129771,0.0,0.0,0.011450381679389313,0.0,0.0,0.026717557251908396,0.0,0.15267175572519084,0.0,0.0,0.0,0.015267175572519083,0.0,0.0,0.026717557251908396,0.0,0.0,0.015267175572519083,0.019083969465648856,0.015267175572519083,0.007633587786259542,0.0,0.007633587786259542,0.0,0.0,0.003816793893129771,0.0,0.003816793893129771,0.007633587786259542,0.0,0.0,0.0,0.0,0.0,0.05343511450381679,0.007633587786259542,0.0,0.0916030534351145,0.04580152671755725,0.007633587786259542,0.007633587786259542,0.011450381679389313,0.0,0.0,0.003816793893129771,0.061068702290076333,0.0,0.04961832061068702,0.0,0.030534351145038167,0.003816793893129771,0.0,0.0,0.0,0.0,0.0,0.0,0.0,0.030534351145038167,0.019083969465648856,0.003816793893129771,0.0,0.0,0.007633587786259542,0.015267175572519083,0.003816793893129771,0.003816793893129771,0.0,0.0,0.0
4,Christoffel Brändli,Schweizerische Volkspartei (SVP),0.0,0.027777777777777776,0.0023148148148148147,0.023148148148148147,0.020833333333333332,0.0,0.0,0.05787037037037037,0.0023148148148148147,0.0,0.0,0.027777777777777776,0.023148148148148147,0.018518518518518517,0.0,0.011574074074074073,0.023148148148148147,0.016203703703703703,0.0,0.013888888888888888,0.0,0.0,0.0,0.004629629629629629,0.004629629629629629,0.04398148148148148,0.0023148148148148147,0.0,0.004629629629629629,0.006944444444444444,0.0,0.034722222222222224,0.0023148148148148147,0.011574074074074073,0.0,0.0,0.020833333333333332,0.0,0.0,0.009259259259259259,0.013888888888888888,0.034722222222222224,0.02546296296296296,0.0,0.0,0.0,0.0023148148148148147,0.0023148148148148147,0.006944444444444444,0.0,0.0,0.2662037037037037,0.006944444444444444,0.004629629629629629,0.004629629629629629,0.032407407407407406,0.011574074074074073,0.0,0.0,0.004629629629629629,0.04861111111111111,0.05092592592592592,0.0,0.0023148148148148147,0.013888888888888888,0.0,0.0,0.0,0.0,0.011574074074074073,0.0,0.0,0.0,0.0,0.0,0.0,0.0,0.0,0.0,0.016203703703703703,0.02546296296296296,0.0,0.0,0.0
5,Christoph Blocher,Schweizerische Volkspartei (SVP),0.0,0.0,0.015384615384615385,0.023076923076923078,0.007692307692307693,0.0,0.0,0.007692307692307693,0.0,0.0,0.0,0.0,0.0,0.038461538461538464,0.0,0.06923076923076923,0.015384615384615385,0.007692307692307693,0.0,0.023076923076923078,0.0,0.0,0.007692307692307693,0.0,0.007692307692307693,0.0,0.0,0.0,0.007692307692307693,0.007692307692307693,0.0,0.05384615384615385,0.0,0.0,0.0,0.0,0.0,0.0,0.0,0.023076923076923078,0.046153846153846156,0.0,0.0,0.0,0.0,0.0,0.007692307692307693,0.07692307692307693,0.015384615384615385,0.0,0.0,0.3230769230769231,0.015384615384615385,0.015384615384615385,0.0,0.023076923076923078,0.0,0.0,0.0,0.0,0.0,0.046153846153846156,0.0,0.03076923076923077,0.0,0.0,0.0,0.0,0.0,0.007692307692307693,0.0,0.0,0.0,0.0,0.007692307692307693,0.0,0.0,0.007692307692307693,0.007692307692307693,0.0,0.023076923076923078,0.0,0.0,0.03076923076923077
6,Christoph Mörgeli,Schweizerische Volkspartei (SVP),0.0,0.0,0.0,0.06493506493506493,0.012987012987012988,0.0,0.0,0.03896103896103896,0.0,0.09090909090909091,0.0,0.012987012987012988,0.0,0.0,0.0,0.012987012987012988,0.012987012987012988,0.012987012987012988,0.0,0.025974025974025976,0.0,0.0,0.07792207792207792,0.0,0.0,0.0,0.0,0.0,0.03896103896103896,0.0,0.0,0.012987012987012988,0.012987012987012988,0.0,0.09090909090909091,0.0,0.0,0.0,0.0,0.0,0.03896103896103896,0.0,0.0,0.0,0.0,0.012987012987012988,0.0,0.012987012987012988,0.0,0.05194805194805195,0.012987012987012988,0.22077922077922077,0.025974025974025976,0.0,0.0,0.0,0.0,0.0,0.03896103896103896,0.012987012987012988,0.0,0.0,0.0,0.0,0.0,0.0,0.0,0.0,0.0,0.0,0.012987012987012988,0.0,0.025974025974025976,0.0,0.0,0.0,0.0,0.0,0.012987012987012988,0.0,0.0,0.0,0.0,0.0
7,Elmar Bigger,Schweizerische Volkspartei (SVP),0.0,0.0,0.045454545454545456,0.09090909090909091,0.0,0.0,0.0,0.09090909090909091,0.0,0.0,0.0,0.0,0.0,0.0,0.0,0.0,0.0,0.0,0.0,0.0,0.0,0.0,0.0,0.0,0.0,0.0,0.045454545454545456,0.0,0.045454545454545456,0.0,0.0,0.0,0.0,0.0,0.045454545454545456,0.0,0.0,0.0,0.0,0.0,0.0,0.0,0.0,0.0,0.0,0.0,0.0,0.045454545454545456,0.045454545454545456,0.09090909090909091,0.0,0.09090909090909091,0.0,0.0,0.0,0.0,0.0,0.0,0.13636363636363635,0.0,0.0,0.0,0.0,0.045454545454545456,0.0,0.0,0.0,0.0,0.045454545454545456,0.0,0.0,0.0,0.0,0.0,0.0,0.045454545454545456,0.0,0.0,0.045454545454545456,0.0,0.045454545454545456,0.0,0.0,0.0
8,Ernst Schibli,Schweizerische Volkspartei (SVP),0.0,0.0,0.0,0.0,0.0,0.0,0.0,0.0,0.0,0.0,0.0,0.0,0.2,0.0,0.0,0.0,0.0,0.1,0.0,0.0,0.0,0.0,0.0,0.0,0.0,0.0,0.0,0.0,0.0,0.0,0.0,0.1,0.0,0.0,0.0,0.0,0.0,0.0,0.0,0.0,0.0,0.0,0.0,0.0,0.0,0.0,0.0,0.0,0.0,0.0,0.0,0.1,0.0,0.0,0.0,0.0,0.0,0.0,0.2,0.0,0.0,0.1,0.0,0.0,0.0,0.0,0.0,0.0,0.0,0.0,0.0,0.0,0.0,0.0,0.0,0.0,0.0,0.0,0.1,0.0,0.1,0.0,0.0,0.0
9,Fritz Abraham Oehrli,Schweizerische Volkspartei (SVP),0.0,0.0,0.0,0.16666666666666666,0.016666666666666666,0.0,0.0,0.1,0.0,0.0,0.0,0.06666666666666667,0.0,0.0,0.0,0.03333333333333333,0.016666666666666666,0.0,0.0,0.0,0.0,0.0,0.0,0.0,0.0,0.03333333333333333,0.0,0.0,0.05,0.0,0.0,0.0,0.0,0.0,0.0,0.0,0.016666666666666666,0.0,0.0,0.016666666666666666,0.08333333333333333,0.0,0.0,0.0,0.0,0.0,0.0,0.016666666666666666,0.0,0.0,0.0,0.11666666666666667,0.08333333333333333,0.05,0.0,0.0,0.0,0.0,0.016666666666666666,0.0,0.0,0.03333333333333333,0.0,0.016666666666666666,0.0,0.0,0.0,0.0,0.0,0.05,0.0,0.0,0.0,0.0,0.016666666666666666,0.0,0.0,0.0,0.0,0.0,0.0,0.0,0.0,0.0
10,Hannes Germann,Schweizerische Volkspartei (SVP),0.0,0.0,0.0,0.0,0.0,0.0,0.0,0.045454545454545456,0.0,0.0,0.0,0.0,0.0,0.045454545454545456,0.0,0.022727272727272728,0.022727272727272728,0.022727272727272728,0.0,0.0,0.045454545454545456,0.0,0.0,0.022727272727272728,0.022727272727272728,0.0,0.0,0.0,0.0,0.022727272727272728,0.0,0.022727272727272728,0.022727272727272728,0.045454545454545456,0.09090909090909091,0.0,0.0,0.0,0.0,0.022727272727272728,0.0,0.0,0.0,0.022727272727272728,0.0,0.0,0.0,0.0,0.022727272727272728,0.0,0.0,0.022727272727272728,0.06818181818181818,0.045454545454545456,0.0,0.022727272727272728,0.0,0.0,0.0,0.0,0.18181818181818182,0.0,0.0,0.0,0.0,0.0,0.0,0.0,0.0,0.0,0.0,0.0,0.0,0.0,0.0,0.0,0.0,0.0,0.0,0.0,0.09090909090909091,0.0,0.0,0.045454545454545456
11,Hans Fehr,Schweizerische Volkspartei (SVP),0.06593406593406594,0.0,0.0,0.0,0.0,0.0,0.07692307692307693,0.0,0.0,0.01098901098901099,0.0,0.02197802197802198,0.01098901098901099,0.0,0.01098901098901099,0.0,0.03296703296703297,0.02197802197802198,0.04395604395604396,0.0,0.0,0.0,0.01098901098901099,0.0,0.0,0.06593406593406594,0.0,0.0,0.02197802197802198,0.01098901098901099,0.0,0.054945054945054944,0.02197802197802198,0.03296703296703297,0.0,0.0,0.04395604395604396,0.0,0.0,0.01098901098901099,0.054945054945054944,0.0,0.0,0.02197802197802198,0.06593406593406594,0.0,0.0,0.0,0.0,0.0,0.0,0.13186813186813187,0.0,0.02197802197802198,0.02197802197802198,0.0,0.0,0.0,0.01098901098901099,0.0,0.0,0.06593406593406594,0.0,0.01098901098901099,0.0,0.0,0.0,0.0,0.01098901098901099,0.0,0.0,0.0,0.0,0.0,0.0,0.0,0.0,0.0,0.0,0.0,0.01098901098901099,0.0,0.0,0.0
12,Hans Hofmann,Schweizerische Volkspartei (SVP),0.0,0.014336917562724014,0.010752688172043012,0.017921146953405017,0.025089605734767026,0.0,0.0,0.06093189964157706,0.0,0.0035842293906810036,0.0,0.017921146953405017,0.05017921146953405,0.025089605734767026,0.010752688172043012,0.010752688172043012,0.03942652329749104,0.0,0.0,0.02867383512544803,0.0,0.0035842293906810036,0.010752688172043012,0.0035842293906810036,0.017921146953405017,0.02867383512544803,0.0,0.0,0.04659498207885305,0.010752688172043012,0.0,0.0035842293906810036,0.0,0.007168458781362007,0.0035842293906810036,0.0,0.02867383512544803,0.0,0.0035842293906810036,0.1003584229390681,0.0035842293906810036,0.007168458781362007,0.0,0.021505376344086023,0.0,0.0,0.014336917562724014,0.0,0.017921146953405017,0.0,0.0,0.12186379928315412,0.010752688172043012,0.0035842293906810036,0.0,0.010752688172043012,0.0,0.0,0.0,0.0,0.0,0.06451612903225806,0.0,0.007168458781362007,0.0,0.0,0.0,0.0,0.0,0.017921146953405017,0.0,0.0,0.0,0.0,0.0,0.0,0.0,0.0,0.0,0.05734767025089606,0.05734767025089606,0.0,0.0,0.0
13,Hans Kaufmann,Schweizerische Volkspartei (SVP),0.0,0.0,0.0,0.012345679012345678,0.0,0.0,0.0,0.012345679012345678,0.0,0.0,0.0,0.0,0.006172839506172839,0.018518518518518517,0.0,0.006172839506172839,0.07407407407407407,0.012345679012345678,0.0,0.0,0.0,0.0,0.0,0.0,0.0,0.06172839506172839,0.0,0.0,0.024691358024691357,0.0,0.0,0.012345679012345678,0.0,0.0,0.0,0.0,0.018518518518518517,0.006172839506172839,0.0,0.012345679012345678,0.024691358024691357,0.0,0.0,0.0,0.0,0.0,0.012345679012345678,0.0,0.0,0.006172839506172839,0.0,0.42592592592592593,0.0,0.006172839506172839,0.0,0.06172839506172839,0.0,0.0,0.012345679012345678,0.024691358024691357,0.043209876543209874,0.030864197530864196,0.0,0.037037037037037035,0.012345679012345678,0.0,0.0,0.0,0.0,0.006172839506172839,0.0,0.0,0.0,0.0,0.0,0.0,0.0,0.0,0.0,0.012345679012345678,0.0,0.0,0.0,0.006172839506172839
14,Hans Lauri,Schweizerische Volkspartei (SVP),0.0,0.022099447513812154,0.027624309392265192,0.049723756906077346,0.0055248618784530384,0.0,0.0,0.03314917127071823,0.011049723756906077,0.0,0.0,0.027624309392265192,0.0,0.06629834254143646,0.016574585635359115,0.011049723756906077,0.022099447513812154,0.022099447513812154,0.0,0.03314917127071823,0.0,0.0,0.0,0.0,0.0,0.016574585635359115,0.0,0.0,0.027624309392265192,0.0,0.0,0.022099447513812154,0.0,0.022099447513812154,0.022099447513812154,0.0,0.0055248618784530384,0.0055248618784530384,0.0,0.0,0.03867403314917127,0.0055248618784530384,0.0,0.011049723756906077,0.0,0.0,0.0,0.0,0.03314917127071823,0.0,0.0,0.2596685082872928,0.03314917127071823,0.0055248618784530384,0.0,0.016574585635359115,0.0,0.0,0.0,0.0055248618784530384,0.011049723756906077,0.0055248618784530384,0.0,0.04419889502762431,0.016574585635359115,0.0,0.0,0.0,0.0,0.0,0.0,0.0,0.0,0.0,0.0,0.0,0.0,0.0,0.0,0.016574585635359115,0.027624309392265192,0.0,0.0,0.0
15,Hans Ulrich Mathys,Schweizerische Volkspartei (SVP),0.0,0.011235955056179775,0.011235955056179775,0.02247191011235955,0.0,0.0,0.011235955056179775,0.02247191011235955,0.0,0.0,0.0,0.0,0.0,0.0,0.0,0.011235955056179775,0.0,0.0,0.011235955056179775,0.0,0.0,0.0,0.0,0.0,0.0,0.0,0.0,0.0,0.011235955056179775,0.0,0.0,0.0,0.0,0.011235955056179775,0.0,0.0,0.0,0.033707865168539325,0.0,0.0,0.0,0.0449438202247191,0.0,0.02247191011235955,0.0,0.0,0.0,0.0,0.0449438202247191,0.0,0.0,0.5842696629213483,0.0,0.0,0.0,0.0,0.0,0.0,0.033707865168539325,0.011235955056179775,0.0,0.0,0.0,0.011235955056179775,0.0,0.0,0.0,0.0,0.0,0.0449438202247191,0.0,0.0,0.0,0.0,0.0,0.0,0.0,0.0,0.033707865168539325,0.0,0.011235955056179775,0.0,0.0,0.0
16,Hansjörg Walter,Schweizerische Volkspartei (SVP),0.0,0.014285714285714285,0.007142857142857143,0.06428571428571428,0.0,0.0,0.0,0.007142857142857143,0.0,0.0,0.007142857142857143,0.04285714285714286,0.02142857142857143,0.014285714285714285,0.0,0.007142857142857143,0.02857142857142857,0.0,0.0,0.0,0.0,0.0,0.0,0.014285714285714285,0.0,0.007142857142857143,0.007142857142857143,0.0,0.02142857142857143,0.007142857142857143,0.007142857142857143,0.02857142857142857,0.007142857142857143,0.0,0.007142857142857143,0.0,0.007142857142857143,0.0,0.0,0.0,0.05714285714285714,0.02857142857142857,0.007142857142857143,0.0,0.0,0.014285714285714285,0.0,0.007142857142857143,0.02142857142857143,0.014285714285714285,0.0,0.34285714285714286,0.007142857142857143,0.007142857142857143,0.0,0.04285714285714286,0.0,0.0,0.007142857142857143,0.007142857142857143,0.007142857142857143,0.02142857142857143,0.0,0.014285714285714285,0.014285714285714285,0.0,0.0,0.0,0.0,0.0,0.0,0.0,0.0,0.007142857142857143,0.0,0.0,0.0,0.0,0.014285714285714285,0.007142857142857143,0.014285714285714285,0.0,0.007142857142857143,0.0
17,Hanspeter Seiler,Schweizerische Volkspartei (SVP),0.0,0.009868421052631578,0.02631578947368421,0.06907894736842106,0.013157894736842105,0.0,0.0,0.10526315789473684,0.0,0.003289473684210526,0.0,0.006578947368421052,0.003289473684210526,0.009868421052631578,0.0,0.01644736842105263,0.006578947368421052,0.0,0.006578947368421052,0.009868421052631578,0.0,0.0,0.003289473684210526,0.0,0.0,0.04276315789473684,0.0,0.0,0.009868421052631578,0.003289473684210526,0.0,0.009868421052631578,0.006578947368421052,0.029605263157894735,0.003289473684210526,0.006578947368421052,0.029605263157894735,0.0,0.0,0.003289473684210526,0.019736842105263157,0.10855263157894737,0.0,0.006578947368421052,0.003289473684210526,0.0,0.0,0.003289473684210526,0.01644736842105263,0.0,0.0,0.019736842105263157,0.039473684210526314,0.039473684210526314,0.0,0.003289473684210526,0.013157894736842105,0.0,0.0,0.0,0.0,0.05263157894736842,0.003289473684210526,0.009868421052631578,0.039473684210526314,0.0,0.0,0.0,0.006578947368421052,0.01644736842105263,0.0,0.0,0.0,0.0,0.01644736842105263,0.0,0.0,0.0,0.003289473684210526,0.006578947368421052,0.029605263157894735,0.10855263157894737,0.0,0.0
18,Hansruedi Wandfluh,Schweizerische Volkspartei (SVP),0.0,0.0,0.006666666666666667,0.05333333333333334,0.0,0.006666666666666667,0.0,0.013333333333333334,0.0,0.0,0.0,0.03333333333333333,0.02666666666666667,0.02,0.0,0.0,0.0,0.02,0.0,0.0,0.0,0.0,0.0,0.006666666666666667,0.0,0.013333333333333334,0.0,0.0,0.06666666666666667,0.0,0.0,0.02666666666666667,0.006666666666666667,0.006666666666666667,0.013333333333333334,0.0,0.013333333333333334,0.0,0.0,0.006666666666666667,0.0,0.0,0.0,0.0,0.0,0.02666666666666667,0.006666666666666667,0.02,0.02666666666666667,0.05333333333333334,0.0,0.25333333333333335,0.02666666666666667,0.06,0.0,0.0,0.006666666666666667,0.0,0.03333333333333333,0.0,0.0,0.02666666666666667,0.0,0.02,0.0,0.0,0.0,0.0,0.0,0.02,0.0,0.0,0.0,0.013333333333333334,0.006666666666666667,0.02,0.006666666666666667,0.0,0.006666666666666667,0.0,0.013333333333333334,0.0,0.0,0.013333333333333334
19,Hermann Bürgi,Schweizerische Volkspartei (SVP),0.0,0.01405152224824356,0.01873536299765808,0.03278688524590164,0.00468384074941452,0.0,0.00234192037470726,0.14754098360655737,0.00702576112412178,0.0,0.00702576112412178,0.0,0.0,0.01639344262295082,0.00234192037470726,0.03278688524590164,0.03278688524590164,0.0234192037470726,0.0,0.00234192037470726,0.0,0.00468384074941452,0.0,0.0,0.00468384074941452,0.01639344262295082,0.0,0.0,0.04215456674473068,0.0,0.00468384074941452,0.04449648711943794,0.01873536299765808,0.03044496487119438,0.02576112412177986,0.0,0.01405152224824356,0.00468384074941452,0.0,0.00936768149882904,0.0702576112412178,0.00468384074941452,0.00702576112412178,0.06323185011709602,0.0,0.00468384074941452,0.0,0.00234192037470726,0.02576112412177986,0.0,0.0,0.13817330210772832,0.0,0.00702576112412178,0.00468384074941452,0.0117096018735363,0.0,0.0,0.0,0.0,0.0117096018735363,0.01873536299765808,0.0,0.00936768149882904,0.0,0.0,0.0,0.0,0.03747072599531616,0.0,0.0,0.0,0.0,0.0,0.0,0.0,0.0,0.0,0.0,0.0117096018735363,0.00702576112412178,0.0,0.0,0.0
20,Hermann Weyeneth,Schweizerische Volkspartei (SVP),0.0,0.0029411764705882353,0.0058823529411764705,0.052941176470588235,0.008823529411764706,0.0,0.0,0.04411764705882353,0.0,0.0,0.0,0.03529411764705882,0.03235294117647059,0.03235294117647059,0.0,0.026470588235294117,0.011764705882352941,0.020588235294117647,0.0,0.020588235294117647,0.0,0.008823529411764706,0.0,0.0,0.0,0.0029411764705882353,0.0,0.0,0.04411764705882353,0.0029411764705882353,0.0,0.03235294117647059,0.0029411764705882353,0.0029411764705882353,0.0029411764705882353,0.0,0.0,0.0,0.0,0.0,0.01764705882352941,0.01764705882352941,0.0058823529411764705,0.0,0.0,0.0,0.0,0.0,0.058823529411764705,0.0,0.0,0.27058823529411763,0.026470588235294117,0.020588235294117647,0.0,0.020588235294117647,0.0029411764705882353,0.0,0.0058823529411764705,0.0058823529411764705,0.011764705882352941,0.023529411764705882,0.0029411764705882353,0.0029411764705882353,0.0029411764705882353,0.0,0.0,0.0,0.0029411764705882353,0.020588235294117647,0.0,0.0,0.0,0.0,0.0,0.0,0.0,0.0,0.0058823529411764705,0.0029411764705882353,0.07058823529411765,0.0029411764705882353,0.0029411764705882353,0.0
21,J. Alexander Baumann,Schweizerische Volkspartei (SVP),0.0,0.01079136690647482,0.007194244604316547,0.02158273381294964,0.014388489208633094,0.0,0.039568345323741004,0.13309352517985612,0.025179856115107913,0.0035971223021582736,0.0035971223021582736,0.017985611510791366,0.0,0.017985611510791366,0.0035971223021582736,0.0,0.02158273381294964,0.01079136690647482,0.0035971223021582736,0.02158273381294964,0.0,0.0,0.0,0.0035971223021582736,0.0,0.07194244604316546,0.007194244604316547,0.0,0.0035971223021582736,0.0,0.0,0.050359712230215826,0.039568345323741004,0.017985611510791366,0.0035971223021582736,0.0,0.04316546762589928,0.014388489208633094,0.0,0.0,0.007194244604316547,0.01079136690647482,0.0,0.0539568345323741,0.0,0.0,0.0,0.0,0.017985611510791366,0.01079136690647482,0.0,0.07553956834532374,0.014388489208633094,0.01079136690647482,0.0,0.007194244604316547,0.01079136690647482,0.0,0.01079136690647482,0.0,0.0,0.10431654676258993,0.0,0.0035971223021582736,0.0035971223021582736,0.0,0.0,0.0,0.0,0.01079136690647482,0.007194244604316547,0.0,0.0,0.0,0.0,0.0035971223021582736,0.0,0.0,0.01079136690647482,0.0035971223021582736,0.007194244604316547,0.0,0.0,0.0035971223021582736
22,Jakob Freund,Schweizerische Volkspartei (SVP),0.0,0.0,0.015037593984962405,0.045112781954887216,0.007518796992481203,0.0,0.11278195488721804,0.015037593984962405,0.0,0.0,0.0,0.022556390977443608,0.0,0.03007518796992481,0.0,0.015037593984962405,0.022556390977443608,0.007518796992481203,0.0,0.0,0.0,0.0,0.0,0.0,0.0,0.007518796992481203,0.007518796992481203,0.0,0.015037593984962405,0.0,0.0,0.0,0.015037593984962405,0.0,0.007518796992481203,0.007518796992481203,0.0,0.12781954887218044,0.0,0.0,0.015037593984962405,0.007518796992481203,0.0,0.0,0.0,0.0,0.0,0.0,0.007518796992481203,0.03007518796992481,0.0,0.15037593984962405,0.03007518796992481,0.0,0.0,0.015037593984962405,0.0,0.0,0.03007518796992481,0.0,0.022556390977443608,0.06015037593984962,0.045112781954887216,0.0,0.0,0.0,0.0,0.0,0.007518796992481203,0.022556390977443608,0.007518796992481203,0.015037593984962405,0.0,0.007518796992481203,0.0,0.015037593984962405,0.0,0.0,0.007518796992481203,0.007518796992481203,0.0,0.0,0.015037593984962405,0.0
23,Jean Henri Dunant,Schweizerische Volkspartei (SVP),0.0,0.0,0.11764705882352941,0.058823529411764705,0.0,0.0,0.0,0.058823529411764705,0.0,0.0,0.0,0.0,0.058823529411764705,0.0,0.0,0.0,0.11764705882352941,0.0,0.0,0.0,0.0,0.0,0.0,0.0,0.0,0.058823529411764705,0.0,0.0,0.17647058823529413,0.0,0.0,0.0,0.0,0.0,0.058823529411764705,0.0,0.0,0.0,0.0,0.0,0.0,0.0,0.0,0.0,0.0,0.0,0.0,0.0,0.0,0.0,0.0,0.0,0.058823529411764705,0.0,0.0,0.0,0.0,0.0,0.058823529411764705,0.0,0.0,0.058823529411764705,0.0,0.058823529411764705,0.0,0.0,0.0,0.0,0.0,0.0,0.0,0.0,0.058823529411764705,0.0,0.0,0.0,0.0,0.0,0.0,0.0,0.0,0.0,0.0,0.0
24,Josef Kunz,Schweizerische Volkspartei (SVP),0.0,0.0,0.06666666666666667,0.14814814814814814,0.0,0.0,0.0,0.02962962962962963,0.0,0.0,0.0,0.014814814814814815,0.007407407407407408,0.0,0.0,0.0,0.014814814814814815,0.0,0.0,0.0,0.0,0.0,0.0,0.0,0.0,0.0,0.0,0.0,0.037037037037037035,0.0,0.0,0.007407407407407408,0.007407407407407408,0.007407407407407408,0.022222222222222223,0.0,0.0,0.0,0.0,0.0,0.0,0.0,0.0,0.0,0.0,0.0,0.0,0.0,0.0,0.02962962962962963,0.0,0.17037037037037037,0.05185185185185185,0.022222222222222223,0.0,0.007407407407407408,0.0,0.0,0.1111111111111111,0.007407407407407408,0.0,0.0,0.0,0.007407407407407408,0.0,0.0,0.0,0.0,0.0,0.0,0.05925925925925926,0.007407407407407408,0.0,0.0,0.0,0.007407407407407408,0.02962962962962963,0.0,0.007407407407407408,0.0,0.11851851851851852,0.0,0.0,0.0
25,Jürg Stahl,Schweizerische Volkspartei (SVP),0.0,0.012195121951219513,0.018292682926829267,0.16463414634146342,0.036585365853658534,0.0,0.0,0.054878048780487805,0.0,0.0,0.006097560975609756,0.012195121951219513,0.024390243902439025,0.0,0.0,0.0,0.006097560975609756,0.012195121951219513,0.0,0.006097560975609756,0.0,0.0,0.0,0.006097560975609756,0.0,0.018292682926829267,0.0,0.0,0.0,0.0,0.012195121951219513,0.06707317073170732,0.0,0.0,0.018292682926829267,0.006097560975609756,0.018292682926829267,0.0,0.0,0.0,0.006097560975609756,0.006097560975609756,0.0,0.0,0.0,0.018292682926829267,0.0,0.0,0.036585365853658534,0.036585365853658534,0.0,0.036585365853658534,0.06097560975609756,0.03048780487804878,0.0,0.012195121951219513,0.0,0.0,0.054878048780487805,0.006097560975609756,0.006097560975609756,0.06707317073170732,0.0,0.012195121951219513,0.0,0.0,0.0,0.0,0.0,0.006097560975609756,0.006097560975609756,0.012195121951219513,0.0,0.0,0.006097560975609756,0.03048780487804878,0.012195121951219513,0.0,0.03048780487804878,0.0,0.0,0.0,0.0,0.006097560975609756
26,Lisbeth Fehr,Schweizerische Volkspartei (SVP),0.0,0.0,0.0,0.02631578947368421,0.10526315789473684,0.0,0.0,0.0,0.0,0.13157894736842105,0.02631578947368421,0.0,0.02631578947368421,0.0,0.0,0.0,0.18421052631578946,0.0,0.0,0.0,0.0,0.0,0.0,0.0,0.0,0.0,0.0,0.0,0.0,0.0,0.0,0.0,0.0,0.0,0.0,0.0,0.0,0.0,0.0,0.0,0.3157894736842105,0.0,0.0,0.0,0.0,0.0,0.0,0.0,0.0,0.0,0.0,0.0,0.02631578947368421,0.0,0.0,0.0,0.02631578947368421,0.0,0.02631578947368421,0.0,0.0,0.0,0.0,0.0,0.0,0.0,0.0,0.0,0.0,0.0,0.0,0.07894736842105263,0.02631578947368421,0.0,0.0,0.0,0.0,0.0,0.0,0.0,0.0,0.0,0.0,0.0
27,Luzi Stamm,Schweizerische Volkspartei (SVP),0.0,0.015151515151515152,0.0,0.045454545454545456,0.030303030303030304,0.0,0.0,0.07575757575757576,0.0,0.0,0.0,0.030303030303030304,0.015151515151515152,0.0,0.0,0.0,0.015151515151515152,0.0,0.015151515151515152,0.030303030303030304,0.0,0.0,0.0,0.0,0.0,0.015151515151515152,0.0,0.0,0.015151515151515152,0.0,0.0,0.0,0.015151515151515152,0.030303030303030304,0.030303030303030304,0.015151515151515152,0.015151515151515152,0.0,0.015151515151515152,0.0,0.0,0.06060606060606061,0.0,0.045454545454545456,0.0,0.0,0.0,0.030303030303030304,0.015151515151515152,0.030303030303030304,0.0,0.12121212121212122,0.0,0.0,0.0,0.0,0.015151515151515152,0.0,0.0,0.0,0.0,0.09090909090909091,0.015151515151515152,0.07575757575757576,0.0,0.0,0.0,0.0,0.0,0.0,0.015151515151515152,0.0,0.015151515151515152,0.0,0.0,0.0,0.0,0.0,0.0,0.0,0.045454545454545456,0.0,0.0,0.0
28,Marcel Scherer,Schweizerische Volkspartei (SVP),0.0,0.0,0.009433962264150943,0.05660377358490566,0.0,0.0,0.0,0.10377358490566038,0.0,0.0,0.0,0.02830188679245283,0.0,0.05660377358490566,0.0,0.018867924528301886,0.009433962264150943,0.0,0.02830188679245283,0.018867924528301886,0.0,0.0,0.0,0.0,0.0,0.018867924528301886,0.0,0.0,0.018867924528301886,0.0,0.0,0.0,0.009433962264150943,0.0,0.0,0.0,0.009433962264150943,0.0,0.0,0.0,0.0,0.0,0.018867924528301886,0.0,0.0,0.0,0.0,0.0,0.04716981132075472,0.009433962264150943,0.0,0.08490566037735849,0.11320754716981132,0.08490566037735849,0.0,0.009433962264150943,0.0,0.0,0.04716981132075472,0.0,0.0,0.05660377358490566,0.0,0.018867924528301886,0.0,0.0,0.0,0.0,0.0,0.0,0.0,0.009433962264150943,0.04716981132075472,0.009433962264150943,0.009433962264150943,0.0,0.009433962264150943,0.0,0.03773584905660377,0.0,0.0,0.0,0.0,0.0
29,Max Binder,Schweizerische Volkspartei (SVP),0.0,0.012145748987854251,0.05668016194331984,0.09716599190283401,0.024291497975708502,0.004048582995951417,0.0,0.0728744939271255,0.0,0.0,0.0,0.020242914979757085,0.004048582995951417,0.008097165991902834,0.0,0.008097165991902834,0.03643724696356275,0.012145748987854251,0.016194331983805668,0.012145748987854251,0.0,0.0,0.0,0.004048582995951417,0.016194331983805668,0.032388663967611336,0.0,0.0,0.032388663967611336,0.004048582995951417,0.0,0.016194331983805668,0.008097165991902834,0.008097165991902834,0.004048582995951417,0.0,0.012145748987854251,0.0,0.004048582995951417,0.032388663967611336,0.0,0.0,0.0,0.0,0.0,0.0,0.0,0.0,0.012145748987854251,0.004048582995951417,0.0,0.1659919028340081,0.008097165991902834,0.020242914979757085,0.0,0.012145748987854251,0.0,0.0,0.012145748987854251,0.0,0.032388663967611336,0.0728744939271255,0.0,0.008097165991902834,0.004048582995951417,0.0,0.0,0.004048582995951417,0.004048582995951417,0.032388663967611336,0.0,0.008097165991902834,0.0,0.0,0.004048582995951417,0.0,0.004048582995951417,0.016194331983805668,0.004048582995951417,0.0,0.012145748987854251,0.0,0.0,0.0
30,Maximilian Reimann,Schweizerische Volkspartei (SVP),0.0,0.011961722488038277,0.009569377990430622,0.0023923444976076554,0.028708133971291867,0.0023923444976076554,0.014354066985645933,0.045454545454545456,0.0,0.0645933014354067,0.007177033492822967,0.01674641148325359,0.011961722488038277,0.009569377990430622,0.0,0.04066985645933014,0.011961722488038277,0.004784688995215311,0.0,0.004784688995215311,0.0,0.0,0.011961722488038277,0.0,0.0023923444976076554,0.03588516746411483,0.0,0.0,0.04066985645933014,0.0,0.0,0.0023923444976076554,0.009569377990430622,0.01674641148325359,0.01674641148325359,0.0,0.011961722488038277,0.0023923444976076554,0.0,0.004784688995215311,0.0430622009569378,0.011961722488038277,0.009569377990430622,0.004784688995215311,0.0,0.0,0.009569377990430622,0.0,0.03110047846889952,0.0,0.0,0.16267942583732056,0.0,0.0,0.0,0.0215311004784689,0.03827751196172249,0.0,0.0,0.0,0.0,0.08373205741626795,0.0,0.007177033492822967,0.011961722488038277,0.0,0.0,0.0,0.0023923444976076554,0.014354066985645933,0.0,0.0,0.0,0.0,0.0,0.0,0.0,0.0,0.0,0.07177033492822966,0.028708133971291867,0.0,0.0,0.004784688995215311
31,Otto Laubacher,Schweizerische Volkspartei (SVP),0.0,0.0,0.02040816326530612,0.08163265306122448,0.0,0.0,0.0,0.1836734693877551,0.0,0.0,0.0,0.0,0.04081632653061224,0.04081632653061224,0.0,0.0,0.0,0.0,0.0,0.02040816326530612,0.0,0.0,0.02040816326530612,0.0,0.0,0.04081632653061224,0.0,0.0,0.0,0.0,0.0,0.0,0.0,0.02040816326530612,0.0,0.0,0.02040816326530612,0.0,0.061224489795918366,0.0,0.02040816326530612,0.0,0.0,0.0,0.0,0.0,0.0,0.0,0.0,0.0,0.0,0.1836734693877551,0.04081632653061224,0.10204081632653061,0.0,0.0,0.0,0.0,0.0,0.0,0.0,0.04081632653061224,0.0,0.0,0.0,0.0,0.0,0.0,0.0,0.0,0.0,0.0,0.0,0.0,0.0,0.02040816326530612,0.02040816326530612,0.0,0.02040816326530612,0.0,0.0,0.0,0.0,0.0
32,Peter Föhn,Schweizerische Volkspartei (SVP),0.0,0.010810810810810811,0.005405405405405406,0.043243243243243246,0.010810810810810811,0.0,0.0,0.06486486486486487,0.0,0.005405405405405406,0.0,0.02702702702702703,0.0,0.010810810810810811,0.0,0.0,0.03783783783783784,0.0,0.0,0.010810810810810811,0.0,0.0,0.0,0.005405405405405406,0.010810810810810811,0.005405405405405406,0.0,0.0,0.032432432432432434,0.010810810810810811,0.0,0.016216216216216217,0.0,0.005405405405405406,0.0,0.0,0.005405405405405406,0.0,0.010810810810810811,0.010810810810810811,0.0,0.005405405405405406,0.005405405405405406,0.0,0.0,0.0,0.0,0.005405405405405406,0.0,0.016216216216216217,0.0,0.3567567567567568,0.032432432432432434,0.010810810810810811,0.0,0.0,0.005405405405405406,0.0,0.03783783783783784,0.0,0.043243243243243246,0.005405405405405406,0.0972972972972973,0.0,0.0,0.0,0.0,0.0,0.0,0.005405405405405406,0.005405405405405406,0.016216216216216217,0.0,0.005405405405405406,0.0,0.0,0.0,0.0,0.0,0.005405405405405406,0.0,0.0,0.0,0.0
33,Peter Spuhler,Schweizerische Volkspartei (SVP),0.0,0.0,0.056818181818181816,0.13636363636363635,0.0,0.0,0.0,0.07954545454545454,0.0,0.0,0.0,0.0,0.0,0.022727272727272728,0.0,0.0,0.03409090909090909,0.0,0.0,0.0,0.0,0.0,0.011363636363636364,0.0,0.0,0.011363636363636364,0.0,0.0,0.045454545454545456,0.0,0.0,0.022727272727272728,0.03409090909090909,0.011363636363636364,0.0,0.0,0.011363636363636364,0.0,0.0,0.0,0.0,0.0,0.0,0.0,0.0,0.0,0.0,0.011363636363636364,0.011363636363636364,0.0,0.0,0.056818181818181816,0.10227272727272728,0.011363636363636364,0.045454545454545456,0.03409090909090909,0.0,0.0,0.03409090909090909,0.0,0.022727272727272728,0.011363636363636364,0.0,0.06818181818181818,0.0,0.0,0.0,0.0,0.0,0.0,0.011363636363636364,0.011363636363636364,0.0,0.0,0.011363636363636364,0.011363636363636364,0.0,0.0,0.056818181818181816,0.011363636363636364,0.0,0.0,0.0,0.0
34,Rico Wenger,Schweizerische Volkspartei (SVP),0.0,0.0,0.012048192771084338,0.0,0.024096385542168676,0.0,0.0,0.0,0.0,0.03614457831325301,0.012048192771084338,0.024096385542168676,0.024096385542168676,0.012048192771084338,0.0,0.0,0.024096385542168676,0.012048192771084338,0.0,0.04819277108433735,0.0,0.0,0.060240963855421686,0.012048192771084338,0.0,0.0,0.0,0.0,0.0,0.0,0.0,0.0,0.0,0.0,0.012048192771084338,0.0,0.0,0.0,0.0,0.0,0.08433734939759036,0.012048192771084338,0.0,0.0,0.0,0.0,0.0,0.0,0.0,0.0,0.0,0.5421686746987951,0.0,0.0,0.0,0.0,0.0,0.0,0.0,0.0,0.012048192771084338,0.024096385542168676,0.0,0.012048192771084338,0.0,0.0,0.0,0.0,0.0,0.0,0.0,0.0,0.0,0.0,0.0,0.0,0.0,0.0,0.0,0.0,0.0,0.0,0.0,0.0
35,Robert Keller,Schweizerische Volkspartei (SVP),0.0,0.0078125,0.0078125,0.109375,0.0,0.0,0.0234375,0.03125,0.0,0.0,0.0,0.0546875,0.0,0.015625,0.0,0.0,0.0078125,0.0,0.0,0.0,0.0,0.0234375,0.0,0.0,0.03125,0.015625,0.0,0.0,0.0,0.015625,0.0,0.015625,0.0078125,0.015625,0.0,0.0,0.0078125,0.0,0.0,0.0234375,0.015625,0.0,0.0,0.0,0.0,0.0,0.0078125,0.0,0.0234375,0.0,0.0,0.328125,0.0078125,0.0078125,0.0,0.0078125,0.0,0.0,0.03125,0.0078125,0.0,0.046875,0.0,0.0234375,0.0,0.0,0.0,0.0,0.0,0.0078125,0.0,0.015625,0.015625,0.0,0.0,0.0,0.0,0.0234375,0.015625,0.0,0.0,0.0,0.0,0.0
36,Roland F. Borer,Schweizerische Volkspartei (SVP),0.0,0.0,0.039735099337748346,0.10596026490066225,0.026490066225165563,0.006622516556291391,0.006622516556291391,0.08609271523178808,0.0,0.0,0.0,0.019867549668874173,0.0,0.006622516556291391,0.0,0.0,0.019867549668874173,0.026490066225165563,0.0,0.006622516556291391,0.0,0.0,0.0,0.0,0.0,0.013245033112582781,0.019867549668874173,0.0,0.019867549668874173,0.0,0.0,0.033112582781456956,0.013245033112582781,0.006622516556291391,0.09271523178807947,0.0,0.013245033112582781,0.0,0.0,0.0,0.013245033112582781,0.0,0.006622516556291391,0.0,0.0,0.0,0.0,0.013245033112582781,0.013245033112582781,0.019867549668874173,0.0,0.039735099337748346,0.052980132450331126,0.08609271523178808,0.006622516556291391,0.026490066225165563,0.0,0.0,0.026490066225165563,0.0,0.0,0.006622516556291391,0.0,0.0,0.0,0.0,0.0,0.0,0.0,0.013245033112582781,0.006622516556291391,0.006622516556291391,0.0,0.0,0.0,0.019867549668874173,0.013245033112582781,0.0,0.013245033112582781,0.019867549668874173,0.0,0.0,0.0,0.033112582781456956
37,Rudolf Joder,Schweizerische Volkspartei (SVP),0.009708737864077669,0.003236245954692557,0.009708737864077669,0.05825242718446602,0.0,0.0,0.0,0.07119741100323625,0.0,0.003236245954692557,0.0,0.03559870550161812,0.003236245954692557,0.003236245954692557,0.003236245954692557,0.0,0.019417475728155338,0.003236245954692557,0.019417475728155338,0.0,0.0,0.0,0.0,0.0,0.0,0.06796116504854369,0.003236245954692557,0.0,0.05825242718446602,0.0,0.0,0.05501618122977346,0.016181229773462782,0.02912621359223301,0.0,0.0,0.032362459546925564,0.0,0.0,0.0,0.0,0.032362459546925564,0.012944983818770227,0.03559870550161812,0.0,0.0,0.0,0.003236245954692557,0.02912621359223301,0.0,0.0,0.02912621359223301,0.016181229773462782,0.009708737864077669,0.003236245954692557,0.0,0.003236245954692557,0.0,0.06796116504854369,0.0,0.0,0.13915857605177995,0.0,0.006472491909385114,0.0,0.0,0.0,0.0,0.0,0.022653721682847898,0.003236245954692557,0.032362459546925564,0.0,0.0,0.0,0.0,0.006472491909385114,0.003236245954692557,0.016181229773462782,0.022653721682847898,0.0,0.0,0.0,0.0
38,Simon Schenk,Schweizerische Volkspartei (SVP),0.0,0.0,0.052083333333333336,0.08333333333333333,0.03125,0.0,0.0,0.0625,0.0,0.0,0.0,0.0625,0.0,0.0,0.0,0.0,0.0,0.010416666666666666,0.0,0.0,0.0,0.0,0.0,0.0,0.0,0.020833333333333332,0.0,0.0,0.010416666666666666,0.0,0.0,0.010416666666666666,0.0,0.0,0.0,0.0,0.03125,0.0,0.0,0.0,0.0,0.0,0.0,0.0,0.0,0.0,0.0,0.0,0.020833333333333332,0.052083333333333336,0.0,0.010416666666666666,0.041666666666666664,0.052083333333333336,0.0,0.03125,0.0,0.0,0.0625,0.0,0.0625,0.09375,0.0,0.0,0.09375,0.0,0.0,0.0,0.0,0.010416666666666666,0.010416666666666666,0.07291666666666667,0.0,0.0,0.010416666666666666,0.0,0.0,0.0,0.0,0.0,0.0,0.0,0.0,0.0
39,Theophil Pfister,Schweizerische Volkspartei (SVP),0.0,0.0,0.0,0.07450980392156863,0.00392156862745098,0.0,0.0,0.07058823529411765,0.0,0.00392156862745098,0.0,0.03137254901960784,0.00784313725490196,0.054901960784313725,0.0,0.00784313725490196,0.00392156862745098,0.011764705882352941,0.0,0.0,0.0,0.00392156862745098,0.0,0.0,0.0,0.00392156862745098,0.0,0.0,0.0392156862745098,0.0,0.0,0.0196078431372549,0.011764705882352941,0.00392156862745098,0.011764705882352941,0.0,0.0,0.0,0.0,0.0,0.00392156862745098,0.0,0.0,0.0,0.0,0.0,0.00784313725490196,0.00392156862745098,0.00392156862745098,0.011764705882352941,0.0,0.23137254901960785,0.011764705882352941,0.0,0.0,0.011764705882352941,0.0,0.0,0.03529411764705882,0.0,0.00784313725490196,0.023529411764705882,0.07058823529411765,0.0392156862745098,0.023529411764705882,0.0,0.0,0.0,0.0,0.00392156862745098,0.03137254901960784,0.00392156862745098,0.00392156862745098,0.023529411764705882,0.023529411764705882,0.00392156862745098,0.0,0.0,0.03529411764705882,0.0,0.0196078431372549,0.0,0.0,0.0
40,This Jenny,Schweizerische Volkspartei (SVP),0.0,0.006134969325153374,0.015337423312883436,0.027607361963190184,0.0,0.015337423312883436,0.0,0.003067484662576687,0.0,0.0,0.0,0.04294478527607362,0.012269938650306749,0.027607361963190184,0.0,0.012269938650306749,0.0,0.015337423312883436,0.0,0.012269938650306749,0.006134969325153374,0.003067484662576687,0.0,0.003067484662576687,0.0,0.003067484662576687,0.0,0.0,0.03680981595092025,0.009202453987730062,0.003067484662576687,0.006134969325153374,0.009202453987730062,0.006134969325153374,0.03680981595092025,0.0,0.0,0.0,0.0,0.02147239263803681,0.04294478527607362,0.006134969325153374,0.003067484662576687,0.0,0.0,0.0,0.003067484662576687,0.003067484662576687,0.003067484662576687,0.0,0.0,0.401840490797546,0.024539877300613498,0.0,0.0,0.009202453987730062,0.003067484662576687,0.0,0.0,0.009202453987730062,0.018404907975460124,0.024539877300613498,0.0,0.06748466257668712,0.003067484662576687,0.0,0.0,0.0,0.0,0.0,0.0,0.0,0.0,0.0,0.0,0.0,0.0,0.0,0.0,0.012269938650306749,0.027607361963190184,0.0,0.0,0.003067484662576687
41,Toni Bortoluzzi,Schweizerische Volkspartei (SVP),0.0,0.01929260450160772,0.01929260450160772,0.0932475884244373,0.01929260450160772,0.006430868167202572,0.003215434083601286,0.03215434083601286,0.0,0.0,0.0,0.05144694533762058,0.003215434083601286,0.006430868167202572,0.0,0.003215434083601286,0.006430868167202572,0.02572347266881029,0.003215434083601286,0.00964630225080386,0.0,0.0,0.0,0.0,0.0,0.03215434083601286,0.0,0.0,0.01607717041800643,0.0,0.0,0.0707395498392283,0.003215434083601286,0.006430868167202572,0.003215434083601286,0.0,0.01929260450160772,0.0,0.0,0.003215434083601286,0.003215434083601286,0.003215434083601286,0.0,0.0,0.0,0.0,0.022508038585209004,0.0,0.01929260450160772,0.012861736334405145,0.0,0.1157556270096463,0.05144694533762058,0.01929260450160772,0.022508038585209004,0.006430868167202572,0.006430868167202572,0.0,0.028938906752411574,0.01929260450160772,0.0,0.07395498392282958,0.0,0.0,0.0,0.0,0.0,0.0,0.0,0.003215434083601286,0.02572347266881029,0.00964630225080386,0.0,0.0,0.0,0.006430868167202572,0.00964630225080386,0.0,0.006430868167202572,0.003215434083601286,0.01607717041800643,0.0,0.0,0.05787781350482315
42,Toni Brunner,Schweizerische Volkspartei (SVP),0.0,0.0,0.006802721088435374,0.08163265306122448,0.006802721088435374,0.0,0.0,0.034013605442176874,0.0,0.0,0.0,0.013605442176870748,0.0,0.006802721088435374,0.006802721088435374,0.006802721088435374,0.006802721088435374,0.006802721088435374,0.0,0.013605442176870748,0.0,0.02040816326530612,0.0,0.0,0.006802721088435374,0.0,0.0,0.0,0.0,0.0,0.0,0.006802721088435374,0.0,0.0,0.0,0.0,0.0,0.0,0.0,0.0,0.006802721088435374,0.0,0.006802721088435374,0.0,0.0,0.006802721088435374,0.0,0.006802721088435374,0.027210884353741496,0.006802721088435374,0.0,0.272108843537415,0.04081632653061224,0.013605442176870748,0.0,0.013605442176870748,0.0,0.0,0.07482993197278912,0.013605442176870748,0.006802721088435374,0.006802721088435374,0.0,0.013605442176870748,0.0,0.0,0.0,0.0,0.12244897959183673,0.0,0.006802721088435374,0.02040816326530612,0.0,0.0,0.006802721088435374,0.006802721088435374,0.0,0.0,0.006802721088435374,0.02040816326530612,0.06802721088435375,0.0,0.0,0.0
43,Ueli Maurer,Schweizerische Volkspartei (SVP),0.0,0.03225806451612903,0.0,0.03225806451612903,0.0,0.0,0.0,0.0,0.0,0.0,0.03225806451612903,0.06451612903225806,0.0,0.0,0.0,0.0,0.06451612903225806,0.03225806451612903,0.0,0.0,0.0,0.0,0.0,0.0,0.0,0.0,0.0,0.0,0.03225806451612903,0.0,0.0,0.1935483870967742,0.0,0.0,0.0,0.0,0.0,0.0,0.03225806451612903,0.06451612903225806,0.03225806451612903,0.0,0.0,0.0,0.0,0.0,0.0,0.0,0.06451612903225806,0.03225806451612903,0.0,0.06451612903225806,0.0,0.0,0.0,0.1935483870967742,0.0,0.0,0.0,0.0,0.0,0.0,0.0,0.0,0.0,0.0,0.0,0.0,0.0,0.0,0.0,0.03225806451612903,0.0,0.0,0.0,0.0,0.0,0.0,0.0,0.0,0.0,0.0,0.0,0.0
44,Ulrich Giezendanner,Schweizerische Volkspartei (SVP),0.0,0.015625,0.046875,0.078125,0.0,0.0,0.0,0.015625,0.0,0.0,0.015625,0.015625,0.046875,0.0,0.0,0.0,0.0,0.015625,0.0,0.015625,0.0,0.0,0.0,0.015625,0.0,0.0,0.0,0.0,0.15625,0.015625,0.0,0.046875,0.0,0.0,0.109375,0.0,0.0,0.0,0.046875,0.0,0.015625,0.0,0.0,0.0,0.0,0.0,0.0,0.0,0.0,0.015625,0.0,0.109375,0.0,0.0,0.0,0.015625,0.0,0.0,0.0,0.0,0.046875,0.046875,0.0,0.0,0.0,0.0,0.0,0.0,0.0625,0.015625,0.0,0.0,0.0,0.015625,0.0,0.0,0.0,0.0,0.0,0.0,0.0,0.0,0.0,0.0
45,Ulrich Schlüer,Schweizerische Volkspartei (SVP),0.0,0.0,0.003968253968253968,0.051587301587301584,0.003968253968253968,0.0,0.023809523809523808,0.007936507936507936,0.0,0.015873015873015872,0.0,0.003968253968253968,0.0,0.011904761904761904,0.0,0.003968253968253968,0.003968253968253968,0.05555555555555555,0.003968253968253968,0.011904761904761904,0.003968253968253968,0.0,0.01984126984126984,0.0,0.0,0.0,0.003968253968253968,0.0,0.047619047619047616,0.007936507936507936,0.003968253968253968,0.06746031746031746,0.0,0.003968253968253968,0.031746031746031744,0.0,0.003968253968253968,0.003968253968253968,0.0,0.011904761904761904,0.08333333333333333,0.0,0.0,0.011904761904761904,0.0,0.0,0.05952380952380952,0.0,0.0,0.03571428571428571,0.0,0.12698412698412698,0.01984126984126984,0.011904761904761904,0.003968253968253968,0.0,0.0,0.0,0.07539682539682539,0.0,0.0,0.011904761904761904,0.003968253968253968,0.015873015873015872,0.0,0.0,0.0,0.0,0.011904761904761904,0.003968253968253968,0.011904761904761904,0.023809523809523808,0.0,0.007936507936507936,0.0,0.0,0.003968253968253968,0.003968253968253968,0.007936507936507936,0.003968253968253968,0.047619047619047616,0.0,0.0,0.0
46,Ulrich Siegrist,Schweizerische Volkspartei (SVP),0.0,0.017094017094017096,0.042735042735042736,0.05982905982905983,0.0,0.0,0.017094017094017096,0.05982905982905983,0.0,0.0,0.008547008547008548,0.03418803418803419,0.03418803418803419,0.0,0.0,0.0,0.02564102564102564,0.0,0.0,0.008547008547008548,0.0,0.0,0.0,0.0,0.0,0.042735042735042736,0.0,0.0,0.042735042735042736,0.0,0.0,0.05128205128205128,0.0,0.0,0.0,0.008547008547008548,0.017094017094017096,0.008547008547008548,0.0,0.0,0.008547008547008548,0.008547008547008548,0.0,0.017094017094017096,0.0,0.0,0.0,0.017094017094017096,0.10256410256410256,0.03418803418803419,0.0,0.0,0.03418803418803419,0.017094017094017096,0.0,0.0,0.008547008547008548,0.008547008547008548,0.02564102564102564,0.0,0.0,0.09401709401709402,0.0,0.0,0.0,0.0,0.0,0.0,0.0,0.042735042735042736,0.008547008547008548,0.008547008547008548,0.0,0.008547008547008548,0.0,0.017094017094017096,0.008547008547008548,0.0,0.008547008547008548,0.017094017094017096,0.02564102564102564,0.0,0.0,0.0
47,Walter Frey,Schweizerische Volkspartei (SVP),0.0,0.0,0.0,0.0,0.0,0.0,0.0,0.0,0.0,0.0,0.0,0.0,0.0,0.0,0.0,0.18181818181818182,0.0,0.0,0.0,0.0,0.0,0.0,0.0,0.0,0.0,0.0,0.0,0.0,0.18181818181818182,0.0,0.0,0.0,0.0,0.0,0.0,0.0,0.0,0.0,0.0,0.0,0.0,0.0,0.0,0.0,0.0,0.0,0.0,0.0,0.0,0.09090909090909091,0.0,0.09090909090909091,0.0,0.0,0.0,0.0,0.0,0.0,0.09090909090909091,0.0,0.0,0.0,0.09090909090909091,0.0,0.0,0.0,0.0,0.0,0.0,0.0,0.0,0.0,0.0,0.09090909090909091,0.0,0.0,0.0,0.09090909090909091,0.09090909090909091,0.0,0.0,0.0,0.0,0.0
48,Walter Glur,Schweizerische Volkspartei (SVP),0.0,0.0,0.0625,0.0625,0.0,0.0,0.0,0.0,0.0,0.0,0.0,0.0,0.0,0.0,0.0,0.0,0.0,0.0625,0.0,0.0,0.0,0.0,0.0,0.0,0.0,0.0625,0.0,0.0,0.0,0.0,0.0,0.0625,0.0,0.0,0.0,0.0,0.0,0.0,0.0,0.0,0.0,0.0,0.0,0.0,0.0,0.0625,0.0,0.0,0.0,0.0,0.0,0.0625,0.0,0.125,0.0,0.0,0.0,0.0,0.0625,0.0,0.0,0.25,0.0,0.0625,0.0,0.0,0.0,0.0,0.0,0.0,0.0,0.0625,0.0,0.0,0.0,0.0,0.0,0.0,0.0,0.0,0.0,0.0,0.0,0.0
49,Walter Schmied,Schweizerische Volkspartei (SVP),0.0,0.0,0.0,0.0,0.0,0.0,0.0,0.0,0.0,0.0,0.0,0.0,0.0,0.0,0.0,0.0,0.0,0.0,0.0,0.0,0.0,0.0,0.0,0.0,0.0,0.0,0.0,0.0,0.0,0.0,0.0,0.0,0.0,0.0,1.0,0.0,0.0,0.0,0.0,0.0,0.0,0.0,0.0,0.0,0.0,0.0,0.0,0.0,0.0,0.0,0.0,0.0,0.0,0.0,0.0,0.0,0.0,0.0,0.0,0.0,0.0,0.0,0.0,0.0,0.0,0.0,0.0,0.0,0.0,0.0,0.0,0.0,0.0,0.0,0.0,0.0,0.0,0.0,0.0,0.0,0.0,0.0,0.0,0.0
50,Alexander Tschäppät,Sozialdemokratische Partei der Schweiz (SP),0.0,0.0,0.0,0.041666666666666664,0.0,0.020833333333333332,0.0,0.0625,0.0,0.0,0.0,0.041666666666666664,0.0,0.0625,0.0625,0.0,0.020833333333333332,0.0,0.0,0.0,0.0,0.0,0.0,0.0,0.0,0.041666666666666664,0.0,0.0,0.0,0.0,0.0,0.020833333333333332,0.020833333333333332,0.0,0.0,0.0,0.041666666666666664,0.0,0.0,0.0,0.041666666666666664,0.0,0.0,0.10416666666666667,0.0,0.0,0.0,0.0,0.0,0.0,0.0,0.1875,0.0,0.0,0.020833333333333332,0.0,0.020833333333333332,0.0,0.0,0.0,0.0,0.10416666666666667,0.0,0.0,0.020833333333333332,0.0,0.0,0.0,0.0,0.0,0.0,0.0,0.0,0.0,0.0,0.0,0.0,0.0,0.0,0.0625,0.0,0.0,0.0,0.0
51,Andrea Hämmerle,Sozialdemokratische Partei der Schweiz (SP),0.0,0.005714285714285714,0.0,0.06285714285714286,0.0,0.0,0.0,0.03428571428571429,0.0,0.0,0.06285714285714286,0.017142857142857144,0.02857142857142857,0.0,0.0,0.011428571428571429,0.02857142857142857,0.0,0.0,0.005714285714285714,0.0,0.0,0.03428571428571429,0.0,0.005714285714285714,0.022857142857142857,0.0,0.0,0.06285714285714286,0.005714285714285714,0.0,0.017142857142857144,0.011428571428571429,0.0,0.0,0.0,0.017142857142857144,0.0,0.0,0.0,0.005714285714285714,0.0,0.0,0.0,0.0,0.0,0.0,0.005714285714285714,0.011428571428571429,0.0,0.0,0.17714285714285713,0.02857142857142857,0.017142857142857144,0.0,0.0,0.0,0.02857142857142857,0.005714285714285714,0.0,0.05714285714285714,0.09714285714285714,0.0,0.022857142857142857,0.045714285714285714,0.005714285714285714,0.0,0.005714285714285714,0.005714285714285714,0.0,0.0,0.0,0.0,0.0,0.0,0.0,0.0,0.0,0.0,0.02857142857142857,0.011428571428571429,0.0,0.005714285714285714,0.0
52,Andreas Gross,Sozialdemokratische Partei der Schweiz (SP),0.20098039215686275,0.014705882352941176,0.014705882352941176,0.03431372549019608,0.00980392156862745,0.0,0.004901960784313725,0.04411764705882353,0.0,0.004901960784313725,0.0,0.004901960784313725,0.00980392156862745,0.0,0.0,0.0,0.0196078431372549,0.014705882352941176,0.024509803921568627,0.004901960784313725,0.0,0.0,0.024509803921568627,0.0,0.0,0.014705882352941176,0.004901960784313725,0.0196078431372549,0.004901960784313725,0.004901960784313725,0.058823529411764705,0.03431372549019608,0.004901960784313725,0.0,0.0,0.029411764705882353,0.0196078431372549,0.0,0.0,0.0196078431372549,0.024509803921568627,0.004901960784313725,0.00980392156862745,0.0,0.07352941176470588,0.0,0.0,0.014705882352941176,0.05392156862745098,0.0,0.0,0.004901960784313725,0.004901960784313725,0.0,0.014705882352941176,0.004901960784313725,0.0,0.00980392156862745,0.0,0.0,0.0,0.058823529411764705,0.0,0.0,0.0,0.004901960784313725,0.0,0.0,0.014705882352941176,0.004901960784313725,0.0,0.0,0.0,0.0,0.0,0.0,0.0,0.0,0.0,0.014705882352941176,0.03431372549019608,0.0,0.0,0.0
53,Anita Fetz,Sozialdemokratische Partei der Schweiz (SP),0.0,0.0,0.0,0.048,0.008,0.0,0.008,0.008,0.0,0.0,0.0,0.0,0.024,0.024,0.0,0.008,0.024,0.064,0.0,0.024,0.0,0.0,0.0,0.008,0.0,0.0,0.0,0.0,0.032,0.04,0.032,0.088,0.0,0.0,0.0,0.0,0.0,0.0,0.0,0.0,0.032,0.016,0.0,0.0,0.0,0.016,0.0,0.064,0.048,0.0,0.0,0.2,0.008,0.016,0.016,0.0,0.0,0.056,0.0,0.0,0.0,0.008,0.008,0.032,0.0,0.016,0.0,0.016,0.0,0.0,0.0,0.0,0.0,0.0,0.0,0.0,0.0,0.0,0.0,0.0,0.008,0.0,0.0,0.0
54,Anita Thanei,Sozialdemokratische Partei der Schweiz (SP),0.0,0.004149377593360996,0.012448132780082987,0.03941908713692946,0.0,0.03734439834024896,0.0,0.04149377593360996,0.026970954356846474,0.0,0.0,0.008298755186721992,0.06846473029045644,0.0,0.002074688796680498,0.002074688796680498,0.08091286307053942,0.002074688796680498,0.029045643153526972,0.01037344398340249,0.0,0.0,0.0,0.0,0.004149377593360996,0.024896265560165973,0.0,0.0,0.0,0.004149377593360996,0.0,0.008298755186721992,0.04564315352697095,0.022821576763485476,0.002074688796680498,0.0,0.022821576763485476,0.0,0.0,0.0,0.0,0.01867219917012448,0.014522821576763486,0.06016597510373444,0.0,0.0,0.0,0.0,0.07883817427385892,0.0,0.06431535269709543,0.006224066390041493,0.002074688796680498,0.029045643153526972,0.012448132780082987,0.002074688796680498,0.01037344398340249,0.029045643153526972,0.0,0.0,0.0,0.07468879668049792,0.0,0.01037344398340249,0.004149377593360996,0.006224066390041493,0.0,0.004149377593360996,0.01037344398340249,0.014522821576763486,0.0,0.0,0.0,0.0,0.0,0.0,0.0,0.0,0.0,0.004149377593360996,0.043568464730290454,0.0,0.0,0.0
55,Barbara Haering,Sozialdemokratische Partei der Schweiz (SP),0.0,0.010869565217391304,0.0,0.043478260869565216,0.010869565217391304,0.0,0.25,0.043478260869565216,0.0,0.0,0.0,0.021739130434782608,0.0,0.0,0.0,0.0,0.043478260869565216,0.010869565217391304,0.0,0.0,0.0,0.0,0.0,0.0,0.0,0.0,0.0,0.20652173913043478,0.0,0.0,0.0,0.010869565217391304,0.0,0.0,0.021739130434782608,0.05434782608695652,0.0,0.0,0.0,0.0,0.010869565217391304,0.021739130434782608,0.0,0.010869565217391304,0.0,0.0,0.0,0.0,0.0,0.0,0.0,0.05434782608695652,0.0,0.0,0.0,0.08695652173913043,0.0,0.021739130434782608,0.0,0.0,0.0,0.043478260869565216,0.0,0.010869565217391304,0.0,0.0,0.0,0.0,0.0,0.0,0.0,0.0,0.0,0.0,0.0,0.0,0.0,0.0,0.0,0.010869565217391304,0.0,0.0,0.0,0.0
56,Barbara Marty Kälin,Sozialdemokratische Partei der Schweiz (SP),0.0,0.013157894736842105,0.02631578947368421,0.013157894736842105,0.0,0.0,0.0,0.02631578947368421,0.0,0.0,0.0,0.013157894736842105,0.18421052631578946,0.039473684210526314,0.0,0.039473684210526314,0.013157894736842105,0.013157894736842105,0.0,0.0,0.0,0.0,0.0,0.0,0.013157894736842105,0.0,0.0,0.0,0.0,0.0,0.0,0.06578947368421052,0.0,0.013157894736842105,0.0,0.0,0.0,0.0,0.0,0.02631578947368421,0.0,0.0,0.013157894736842105,0.0,0.0,0.0,0.0,0.0,0.02631578947368421,0.0,0.0,0.17105263157894737,0.039473684210526314,0.06578947368421052,0.0,0.02631578947368421,0.0,0.013157894736842105,0.0,0.0,0.07894736842105263,0.013157894736842105,0.0,0.013157894736842105,0.0,0.0,0.0,0.0,0.0,0.0,0.0,0.0,0.0,0.0,0.0,0.0,0.0,0.0,0.0,0.0,0.039473684210526314,0.0,0.0,0.0
57,Boris Banga,Sozialdemokratische Partei der Schweiz (SP),0.0,0.0,0.06,0.11,0.01,0.0,0.06,0.06,0.0,0.01,0.0,0.03,0.01,0.01,0.0,0.0,0.03,0.0,0.0,0.02,0.0,0.0,0.0,0.0,0.0,0.0,0.0,0.01,0.01,0.01,0.0,0.01,0.01,0.0,0.08,0.05,0.0,0.01,0.0,0.0,0.02,0.01,0.0,0.05,0.0,0.0,0.0,0.0,0.04,0.0,0.02,0.08,0.02,0.0,0.0,0.0,0.0,0.1,0.0,0.0,0.0,0.0,0.0,0.01,0.0,0.01,0.0,0.0,0.01,0.0,0.0,0.0,0.0,0.0,0.0,0.0,0.0,0.0,0.0,0.02,0.01,0.0,0.0,0.0
58,Christine Goll,Sozialdemokratische Partei der Schweiz (SP),0.0,0.0,0.027548209366391185,0.12396694214876033,0.01652892561983471,0.01652892561983471,0.0,0.04132231404958678,0.008264462809917356,0.0,0.0,0.024793388429752067,0.030303030303030304,0.027548209366391185,0.0,0.024793388429752067,0.027548209366391185,0.005509641873278237,0.0,0.011019283746556474,0.0,0.0,0.0,0.008264462809917356,0.0,0.0,0.0027548209366391185,0.0,0.01928374655647383,0.005509641873278237,0.0,0.027548209366391185,0.01928374655647383,0.0027548209366391185,0.0,0.0,0.0027548209366391185,0.0,0.0,0.01928374655647383,0.01652892561983471,0.008264462809917356,0.0,0.0027548209366391185,0.0,0.02203856749311295,0.0027548209366391185,0.011019283746556474,0.027548209366391185,0.0,0.005509641873278237,0.1322314049586777,0.024793388429752067,0.03581267217630854,0.01928374655647383,0.005509641873278237,0.0,0.008264462809917356,0.0,0.0,0.0,0.049586776859504134,0.0,0.030303030303030304,0.0,0.0,0.0027548209366391185,0.024793388429752067,0.0,0.0,0.0,0.0,0.0,0.0,0.0,0.0,0.0,0.0,0.0,0.030303030303030304,0.0,0.0,0.0,0.046831955922865015
59,Claude Janiak,Sozialdemokratische Partei der Schweiz (SP),0.05045871559633028,0.027522935779816515,0.009174311926605505,0.05963302752293578,0.0,0.0045871559633027525,0.013761467889908258,0.14678899082568808,0.0,0.009174311926605505,0.0,0.05045871559633028,0.03211009174311927,0.0045871559633027525,0.0045871559633027525,0.0,0.05045871559633028,0.0,0.0,0.0,0.0,0.0045871559633027525,0.0,0.0,0.0,0.013761467889908258,0.0,0.0,0.0045871559633027525,0.0045871559633027525,0.0,0.045871559633027525,0.01834862385321101,0.009174311926605505,0.0,0.0,0.009174311926605505,0.0,0.0,0.0,0.0045871559633027525,0.0045871559633027525,0.04128440366972477,0.009174311926605505,0.013761467889908258,0.0,0.0,0.0,0.045871559633027525,0.0,0.0,0.013761467889908258,0.01834862385321101,0.013761467889908258,0.0045871559633027525,0.0045871559633027525,0.013761467889908258,0.04128440366972477,0.0,0.0,0.0045871559633027525,0.13302752293577982,0.0045871559633027525,0.0045871559633027525,0.0045871559633027525,0.0,0.0,0.0,0.0045871559633027525,0.022935779816513763,0.0,0.0,0.0,0.0,0.0,0.0,0.0,0.0,0.0,0.0045871559633027525,0.013761467889908258,0.0,0.0,0.0
60,Doris Stump,Sozialdemokratische Partei der Schweiz (SP),0.0,0.0,0.025423728813559324,0.059322033898305086,0.0,0.0,0.0,0.025423728813559324,0.0,0.0,0.0,0.03389830508474576,0.025423728813559324,0.01694915254237288,0.01694915254237288,0.0,0.05084745762711865,0.0,0.0,0.0,0.0,0.09322033898305085,0.0,0.0,0.0,0.0,0.0,0.0,0.0,0.0,0.01694915254237288,0.025423728813559324,0.00847457627118644,0.0,0.0,0.0,0.0,0.0,0.0,0.025423728813559324,0.0,0.0,0.01694915254237288,0.00847457627118644,0.0,0.0,0.0,0.0,0.05084745762711865,0.0,0.01694915254237288,0.17796610169491525,0.01694915254237288,0.03389830508474576,0.00847457627118644,0.0,0.0,0.00847457627118644,0.0,0.0,0.0,0.0,0.0,0.00847457627118644,0.0,0.00847457627118644,0.0,0.09322033898305085,0.0,0.025423728813559324,0.0,0.00847457627118644,0.0,0.0,0.0,0.0,0.0,0.0,0.0,0.0,0.09322033898305085,0.0,0.0,0.0
61,Ernst Leuenberger,Sozialdemokratische Partei der Schweiz (SP),0.0,0.014367816091954023,0.008620689655172414,0.022988505747126436,0.005747126436781609,0.017241379310344827,0.0,0.07471264367816093,0.0,0.0,0.005747126436781609,0.017241379310344827,0.005747126436781609,0.008620689655172414,0.022988505747126436,0.07183908045977011,0.020114942528735632,0.014367816091954023,0.0,0.014367816091954023,0.005747126436781609,0.0,0.0,0.005747126436781609,0.008620689655172414,0.06609195402298851,0.011494252873563218,0.0,0.05459770114942529,0.0,0.014367816091954023,0.022988505747126436,0.017241379310344827,0.005747126436781609,0.005747126436781609,0.0,0.017241379310344827,0.005747126436781609,0.0,0.022988505747126436,0.031609195402298854,0.031609195402298854,0.0028735632183908046,0.0,0.0,0.005747126436781609,0.0,0.0,0.011494252873563218,0.0,0.0,0.08620689655172414,0.008620689655172414,0.011494252873563218,0.0,0.011494252873563218,0.011494252873563218,0.0,0.0,0.0,0.04597701149425287,0.022988505747126436,0.0,0.014367816091954023,0.04597701149425287,0.0,0.0,0.0,0.0,0.02586206896551724,0.0,0.0,0.0,0.0,0.0,0.0,0.0,0.0,0.0,0.008620689655172414,0.008620689655172414,0.0,0.02586206896551724,0.0
62,Erwin Jutzet,Sozialdemokratische Partei der Schweiz (SP),0.0,0.005154639175257732,0.015463917525773196,0.0979381443298969,0.005154639175257732,0.005154639175257732,0.0,0.07731958762886598,0.020618556701030927,0.005154639175257732,0.0,0.015463917525773196,0.08247422680412371,0.015463917525773196,0.015463917525773196,0.0,0.02577319587628866,0.02577319587628866,0.010309278350515464,0.020618556701030927,0.0,0.0,0.0,0.0,0.0,0.015463917525773196,0.0,0.0,0.010309278350515464,0.010309278350515464,0.0,0.05154639175257732,0.010309278350515464,0.020618556701030927,0.005154639175257732,0.020618556701030927,0.005154639175257732,0.0,0.0,0.0,0.005154639175257732,0.010309278350515464,0.005154639175257732,0.14948453608247422,0.0,0.005154639175257732,0.0,0.0,0.015463917525773196,0.0,0.0,0.02577319587628866,0.010309278350515464,0.020618556701030927,0.0,0.0,0.0,0.005154639175257732,0.0,0.0,0.020618556701030927,0.07216494845360824,0.0,0.0,0.0,0.005154639175257732,0.0,0.0,0.005154639175257732,0.03608247422680412,0.0,0.0,0.0,0.0,0.0,0.0,0.0,0.0,0.0,0.0,0.015463917525773196,0.0,0.0,0.0
63,Fabio Pedrina,Sozialdemokratische Partei der Schweiz (SP),0.0,0.0,0.0,0.0,0.0,0.0,0.0,0.05263157894736842,0.0,0.0,0.0,0.0,0.10526315789473684,0.0,0.0,0.0,0.21052631578947367,0.0,0.0,0.0,0.0,0.0,0.0,0.0,0.0,0.0,0.0,0.0,0.0,0.05263157894736842,0.0,0.0,0.05263157894736842,0.0,0.0,0.0,0.0,0.0,0.0,0.0,0.0,0.0,0.0,0.10526315789473684,0.0,0.0,0.0,0.0,0.0,0.0,0.0,0.15789473684210525,0.0,0.0,0.0,0.05263157894736842,0.0,0.05263157894736842,0.0,0.0,0.0,0.05263157894736842,0.0,0.05263157894736842,0.0,0.0,0.0,0.0,0.0,0.0,0.0,0.0,0.0,0.0,0.0,0.0,0.0,0.0,0.0,0.05263157894736842,0.0,0.0,0.0,0.0
64,Franco Cavalli,Sozialdemokratische Partei der Schweiz (SP),0.0,0.009523809523809525,0.02857142857142857,0.14285714285714285,0.009523809523809525,0.0,0.0,0.0,0.0,0.009523809523809525,0.0,0.0,0.0,0.0,0.0,0.009523809523809525,0.0380952380952381,0.009523809523809525,0.0,0.0,0.0,0.0,0.0,0.009523809523809525,0.0,0.0,0.0,0.0,0.1619047619047619,0.009523809523809525,0.0,0.01904761904761905,0.0,0.0,0.0,0.009523809523809525,0.0,0.0,0.0,0.0,0.0,0.0,0.0,0.0,0.009523809523809525,0.0,0.0,0.009523809523809525,0.01904761904761905,0.0,0.0,0.1523809523809524,0.06666666666666667,0.02857142857142857,0.0,0.01904761904761905,0.0,0.01904761904761905,0.0,0.0,0.0,0.08571428571428572,0.0,0.10476190476190476,0.0,0.0,0.01904761904761905,0.0,0.0,0.0,0.0,0.0,0.0,0.0,0.0,0.0,0.0,0.0,0.0,0.0,0.0,0.0,0.0,0.0
65,Gian-Reto Plattner,Sozialdemokratische Partei der Schweiz (SP),0.0,0.03412073490813648,0.031496062992125984,0.09186351706036745,0.08136482939632546,0.0,0.0,0.05511811023622047,0.0,0.0,0.0,0.007874015748031496,0.015748031496062992,0.010498687664041995,0.007874015748031496,0.031496062992125984,0.01837270341207349,0.010498687664041995,0.0,0.03674540682414698,0.0,0.0,0.0,0.0,0.0026246719160104987,0.031496062992125984,0.007874015748031496,0.0,0.026246719160104987,0.005249343832020997,0.0026246719160104987,0.03412073490813648,0.010498687664041995,0.007874015748031496,0.0,0.0,0.015748031496062992,0.0,0.0,0.0026246719160104987,0.015748031496062992,0.07349081364829396,0.010498687664041995,0.007874015748031496,0.0,0.0026246719160104987,0.0,0.005249343832020997,0.010498687664041995,0.0,0.0,0.14435695538057744,0.010498687664041995,0.005249343832020997,0.0026246719160104987,0.023622047244094488,0.0,0.0,0.0,0.007874015748031496,0.0026246719160104987,0.023622047244094488,0.0,0.013123359580052493,0.0,0.0,0.0,0.0,0.013123359580052493,0.007874015748031496,0.0,0.0,0.0,0.0,0.0,0.0,0.0,0.0,0.0,0.0,0.023622047244094488,0.0026246719160104987,0.0,0.013123359580052493
66,Hans Widmer,Sozialdemokratische Partei der Schweiz (SP),0.0,0.005319148936170213,0.015957446808510637,0.06382978723404255,0.02127659574468085,0.005319148936170213,0.0,0.07446808510638298,0.0,0.0,0.0,0.02127659574468085,0.0,0.031914893617021274,0.0,0.015957446808510637,0.015957446808510637,0.015957446808510637,0.0,0.010638297872340425,0.0,0.005319148936170213,0.005319148936170213,0.0,0.0,0.0,0.005319148936170213,0.0,0.010638297872340425,0.0,0.0,0.015957446808510637,0.0,0.010638297872340425,0.005319148936170213,0.026595744680851064,0.0,0.0,0.005319148936170213,0.0,0.026595744680851064,0.010638297872340425,0.0,0.005319148936170213,0.02127659574468085,0.005319148936170213,0.0,0.010638297872340425,0.010638297872340425,0.0,0.0,0.20212765957446807,0.031914893617021274,0.02127659574468085,0.005319148936170213,0.010638297872340425,0.015957446808510637,0.02127659574468085,0.0,0.0,0.0,0.010638297872340425,0.015957446808510637,0.0425531914893617,0.0,0.010638297872340425,0.010638297872340425,0.005319148936170213,0.0,0.0797872340425532,0.0,0.0,0.0,0.0,0.0,0.0,0.0,0.0,0.0,0.0,0.03723404255319149,0.0,0.0,0.0
67,Hans Zbinden,Sozialdemokratische Partei der Schweiz (SP),0.0,0.025,0.025,0.05,0.0,0.0,0.0,0.0,0.0,0.0,0.0,0.025,0.0,0.0,0.0,0.025,0.1,0.0,0.0,0.0,0.0,0.0,0.0,0.0,0.0,0.0,0.0,0.0,0.125,0.0,0.075,0.075,0.0,0.0,0.0,0.0,0.025,0.0,0.0,0.125,0.1,0.0,0.0,0.0,0.0,0.0,0.0,0.0,0.0,0.0,0.0,0.025,0.0,0.0,0.025,0.05,0.025,0.0,0.0,0.0,0.0,0.1,0.0,0.0,0.0,0.0,0.0,0.0,0.0,0.0,0.0,0.0,0.0,0.0,0.0,0.0,0.0,0.0,0.0,0.0,0.0,0.0,0.0,0.0
68,Hans-Jürg Fehr,Sozialdemokratische Partei der Schweiz (SP),0.0,0.019801980198019802,0.0,0.034653465346534656,0.0049504950495049506,0.009900990099009901,0.0,0.04455445544554455,0.0,0.0,0.0,0.009900990099009901,0.0,0.01485148514851485,0.0049504950495049506,0.009900990099009901,0.024752475247524754,0.019801980198019802,0.0,0.009900990099009901,0.0,0.0,0.0049504950495049506,0.0049504950495049506,0.0297029702970297,0.039603960396039604,0.0049504950495049506,0.0,0.024752475247524754,0.0,0.0,0.009900990099009901,0.019801980198019802,0.0,0.0,0.01485148514851485,0.01485148514851485,0.0,0.0,0.039603960396039604,0.0049504950495049506,0.01485148514851485,0.0049504950495049506,0.0,0.0,0.0,0.0,0.0049504950495049506,0.039603960396039604,0.0,0.0,0.10396039603960396,0.0049504950495049506,0.024752475247524754,0.0,0.019801980198019802,0.009900990099009901,0.0049504950495049506,0.0,0.0,0.034653465346534656,0.13366336633663367,0.0,0.039603960396039604,0.0297029702970297,0.0,0.0,0.0049504950495049506,0.009900990099009901,0.019801980198019802,0.0,0.0,0.0,0.0,0.0,0.0,0.0,0.0,0.0,0.019801980198019802,0.039603960396039604,0.0,0.0,0.01485148514851485
69,Hildegard Fässler-Osterwalder,Sozialdemokratische Partei der Schweiz (SP),0.0,0.00487012987012987,0.021103896103896104,0.07467532467532467,0.011363636363636364,0.00487012987012987,0.0016233766233766235,0.056818181818181816,0.0,0.0,0.0,0.011363636363636364,0.00487012987012987,0.017857142857142856,0.0,0.05194805194805195,0.00974025974025974,0.00974025974025974,0.0016233766233766235,0.017857142857142856,0.0,0.011363636363636364,0.0,0.0016233766233766235,0.0,0.016233766233766232,0.006493506493506494,0.0,0.04220779220779221,0.00487012987012987,0.016233766233766232,0.056818181818181816,0.00487012987012987,0.003246753246753247,0.003246753246753247,0.006493506493506494,0.006493506493506494,0.0,0.0,0.00487012987012987,0.0016233766233766235,0.006493506493506494,0.0,0.00487012987012987,0.0,0.022727272727272728,0.0016233766233766235,0.021103896103896104,0.025974025974025976,0.0,0.011363636363636364,0.20616883116883117,0.02922077922077922,0.027597402597402596,0.00487012987012987,0.01948051948051948,0.0016233766233766235,0.00487012987012987,0.0,0.0,0.0016233766233766235,0.04383116883116883,0.0,0.016233766233766232,0.00487012987012987,0.0,0.006493506493506494,0.006493506493506494,0.00974025974025974,0.008116883116883116,0.0,0.0,0.0,0.0,0.0,0.0,0.0,0.0,0.0,0.00974025974025974,0.01461038961038961,0.0,0.0,0.003246753246753247
70,Jacqueline Fehr,Sozialdemokratische Partei der Schweiz (SP),0.0,0.010638297872340425,0.02127659574468085,0.047872340425531915,0.005319148936170213,0.0,0.03723404255319149,0.005319148936170213,0.0,0.005319148936170213,0.0,0.026595744680851064,0.047872340425531915,0.005319148936170213,0.0,0.005319148936170213,0.005319148936170213,0.005319148936170213,0.0,0.02127659574468085,0.0,0.0,0.0,0.0,0.0425531914893617,0.015957446808510637,0.0,0.0,0.026595744680851064,0.0,0.015957446808510637,0.02127659574468085,0.0,0.0,0.0,0.0,0.010638297872340425,0.0,0.005319148936170213,0.07446808510638298,0.0,0.0,0.0,0.0,0.0,0.0,0.0,0.0,0.02127659574468085,0.0,0.0,0.18085106382978725,0.026595744680851064,0.031914893617021274,0.0,0.010638297872340425,0.0,0.015957446808510637,0.0,0.0,0.015957446808510637,0.0797872340425532,0.0,0.07446808510638298,0.0,0.010638297872340425,0.0,0.02127659574468085,0.0,0.010638297872340425,0.0,0.0,0.0,0.0,0.0,0.0,0.0,0.0,0.0,0.0,0.010638297872340425,0.0,0.026595744680851064,0.0
71,Jost Gross,Sozialdemokratische Partei der Schweiz (SP),0.0,0.0019455252918287938,0.009727626459143969,0.07587548638132295,0.0038910505836575876,0.04669260700389105,0.0,0.08560311284046693,0.023346303501945526,0.0,0.013618677042801557,0.01556420233463035,0.04085603112840467,0.027237354085603113,0.005836575875486381,0.0038910505836575876,0.023346303501945526,0.007782101167315175,0.021400778210116732,0.013618677042801557,0.0,0.0,0.0,0.0019455252918287938,0.0,0.027237354085603113,0.0,0.0,0.05058365758754864,0.0019455252918287938,0.017509727626459144,0.029182879377431907,0.021400778210116732,0.005836575875486381,0.0019455252918287938,0.0,0.011673151750972763,0.0,0.0,0.009727626459143969,0.007782101167315175,0.013618677042801557,0.009727626459143969,0.019455252918287938,0.0,0.0038910505836575876,0.0,0.0,0.02529182879377432,0.0,0.0038910505836575876,0.054474708171206226,0.029182879377431907,0.021400778210116732,0.009727626459143969,0.0019455252918287938,0.011673151750972763,0.048638132295719845,0.0,0.0,0.007782101167315175,0.042801556420233464,0.0,0.029182879377431907,0.0019455252918287938,0.0019455252918287938,0.0038910505836575876,0.0038910505836575876,0.007782101167315175,0.023346303501945526,0.0,0.0,0.0,0.0,0.0,0.0,0.0,0.0,0.0,0.0038910505836575876,0.0038910505836575876,0.0,0.0019455252918287938,0.007782101167315175
72,Mario Fehr,Sozialdemokratische Partei der Schweiz (SP),0.0,0.01818181818181818,0.0,0.02727272727272727,0.0,0.0,0.09090909090909091,0.00909090909090909,0.0,0.0,0.00909090909090909,0.00909090909090909,0.0,0.00909090909090909,0.0,0.0,0.00909090909090909,0.01818181818181818,0.0,0.01818181818181818,0.0,0.0,0.045454545454545456,0.0,0.0,0.01818181818181818,0.00909090909090909,0.00909090909090909,0.00909090909090909,0.0,0.0,0.01818181818181818,0.0,0.00909090909090909,0.00909090909090909,0.19090909090909092,0.00909090909090909,0.03636363636363636,0.0,0.0,0.07272727272727272,0.00909090909090909,0.0,0.0,0.07272727272727272,0.0,0.0,0.00909090909090909,0.01818181818181818,0.0,0.0,0.10909090909090909,0.01818181818181818,0.00909090909090909,0.0,0.02727272727272727,0.0,0.01818181818181818,0.0,0.0,0.0,0.0,0.0,0.00909090909090909,0.0,0.0,0.0,0.00909090909090909,0.0,0.03636363636363636,0.0,0.0,0.0,0.0,0.0,0.0,0.0,0.0,0.0,0.0,0.0,0.0,0.0,0.0
73,Moritz Leuenberger,Sozialdemokratische Partei der Schweiz (SP),0.0,0.010230179028132993,0.017050298380221655,0.03410059676044331,0.01278772378516624,0.0017050298380221654,0.0,0.028132992327365727,0.0076726342710997444,0.0,0.028985507246376812,0.0017050298380221654,0.0,0.023870417732310314,0.0025575447570332483,0.0025575447570332483,0.026427962489343565,0.013640238704177323,0.0,0.0076726342710997444,0.03836317135549872,0.011082693947144074,0.042625745950554135,0.028985507246376812,0.042625745950554135,0.0017050298380221654,0.027280477408354646,0.0,0.010230179028132993,0.028132992327365727,0.005115089514066497,0.028985507246376812,0.01619778346121057,0.005115089514066497,0.0,0.004262574595055414,0.0034100596760443308,0.0017050298380221654,0.03324808184143223,0.0247229326513214,0.011935208866155157,0.005115089514066497,0.011935208866155157,0.0,0.0,0.01278772378516624,0.0,0.005115089514066497,0.02216538789428815,0.0,0.0,0.10485933503836317,0.011082693947144074,0.008525149190110827,0.0025575447570332483,0.043478260869565216,0.0008525149190110827,0.0,0.0,0.0,0.01875532821824382,0.02216538789428815,0.0,0.0196078431372549,0.08013640238704177,0.0,0.0,0.0,0.0196078431372549,0.0008525149190110827,0.0,0.0,0.0,0.0,0.0,0.0,0.0,0.0,0.0,0.0,0.008525149190110827,0.0,0.01619778346121057,0.0008525149190110827
74,Pascale Bruderer Wyss,Sozialdemokratische Partei der Schweiz (SP),0.0,0.02702702702702703,0.0,0.16216216216216217,0.0,0.0,0.0,0.08108108108108109,0.0,0.0,0.0,0.05405405405405406,0.05405405405405406,0.0,0.0,0.0,0.02702702702702703,0.0,0.0,0.02702702702702703,0.0,0.0,0.0,0.0,0.0,0.0,0.0,0.0,0.0,0.0,0.05405405405405406,0.08108108108108109,0.02702702702702703,0.02702702702702703,0.0,0.0,0.0,0.0,0.0,0.0,0.0,0.0,0.0,0.0,0.0,0.02702702702702703,0.0,0.0,0.02702702702702703,0.0,0.0,0.02702702702702703,0.0,0.0,0.0,0.0,0.0,0.10810810810810811,0.0,0.0,0.02702702702702703,0.0,0.0,0.02702702702702703,0.0,0.02702702702702703,0.02702702702702703,0.08108108108108109,0.0,0.0,0.0,0.0,0.0,0.0,0.0,0.0,0.0,0.0,0.0,0.0,0.0,0.0,0.0,0.0
75,Paul Günter,Sozialdemokratische Partei der Schweiz (SP),0.0,0.006802721088435374,0.013605442176870748,0.06802721088435375,0.02040816326530612,0.0,0.013605442176870748,0.034013605442176874,0.0,0.0,0.0,0.02040816326530612,0.0,0.02040816326530612,0.0,0.006802721088435374,0.04081632653061224,0.05442176870748299,0.006802721088435374,0.0,0.0,0.0,0.0,0.0,0.0,0.034013605442176874,0.006802721088435374,0.0,0.047619047619047616,0.013605442176870748,0.02040816326530612,0.09523809523809523,0.0,0.0,0.047619047619047616,0.08163265306122448,0.034013605442176874,0.0,0.0,0.013605442176870748,0.006802721088435374,0.006802721088435374,0.0,0.0,0.0,0.0,0.0,0.006802721088435374,0.006802721088435374,0.0,0.0,0.061224489795918366,0.0,0.006802721088435374,0.0,0.013605442176870748,0.0,0.013605442176870748,0.0,0.006802721088435374,0.0,0.10884353741496598,0.0,0.0,0.034013605442176874,0.0,0.0,0.0,0.0,0.013605442176870748,0.0,0.0,0.0,0.0,0.0,0.0,0.0,0.0,0.0,0.0,0.013605442176870748,0.0,0.0,0.0
76,Paul Rechsteiner,Sozialdemokratische Partei der Schweiz (SP),0.0,0.01509433962264151,0.052830188679245285,0.1018867924528302,0.018867924528301886,0.04150943396226415,0.0,0.026415094339622643,0.0,0.0,0.007547169811320755,0.011320754716981131,0.007547169811320755,0.007547169811320755,0.007547169811320755,0.026415094339622643,0.01509433962264151,0.007547169811320755,0.0,0.0037735849056603774,0.0,0.0,0.0,0.018867924528301886,0.0,0.0037735849056603774,0.0,0.0,0.0,0.0,0.0,0.022641509433962263,0.0037735849056603774,0.0037735849056603774,0.0,0.0,0.007547169811320755,0.0,0.0,0.0037735849056603774,0.0,0.0037735849056603774,0.0037735849056603774,0.007547169811320755,0.026415094339622643,0.0037735849056603774,0.0037735849056603774,0.007547169811320755,0.045283018867924525,0.0,0.033962264150943396,0.09811320754716982,0.03018867924528302,0.022641509433962263,0.0,0.022641509433962263,0.0,0.022641509433962263,0.0,0.0037735849056603774,0.022641509433962263,0.052830188679245285,0.0,0.018867924528301886,0.0037735849056603774,0.0,0.0,0.0,0.007547169811320755,0.0,0.0,0.0,0.0,0.0,0.0,0.0,0.0,0.0,0.0,0.0,0.0,0.0,0.0,0.14339622641509434
77,Peter Jossen,Sozialdemokratische Partei der Schweiz (SP),0.0,0.0,0.008130081300813009,0.032520325203252036,0.008130081300813009,0.0,0.0,0.024390243902439025,0.0,0.0,0.0,0.008130081300813009,0.08943089430894309,0.008130081300813009,0.0,0.008130081300813009,0.0,0.016260162601626018,0.0,0.0,0.0,0.0,0.0,0.024390243902439025,0.0,0.016260162601626018,0.0,0.0,0.016260162601626018,0.016260162601626018,0.0,0.04065040650406504,0.0,0.016260162601626018,0.008130081300813009,0.0,0.008130081300813009,0.0,0.0,0.0,0.008130081300813009,0.0,0.024390243902439025,0.0,0.04065040650406504,0.024390243902439025,0.0,0.0,0.056910569105691054,0.0,0.0,0.056910569105691054,0.032520325203252036,0.0,0.008130081300813009,0.0,0.0,0.08130081300813008,0.0,0.0,0.024390243902439025,0.13821138211382114,0.0,0.0,0.032520325203252036,0.032520325203252036,0.032520325203252036,0.008130081300813009,0.0,0.0,0.0,0.0,0.0,0.0,0.0,0.0,0.0,0.0,0.0,0.016260162601626018,0.016260162601626018,0.0,0.008130081300813009,0.008130081300813009
78,Peter Vollmer,Sozialdemokratische Partei der Schweiz (SP),0.0,0.0038022813688212928,0.0038022813688212928,0.07224334600760456,0.011406844106463879,0.015209125475285171,0.0,0.0076045627376425855,0.0,0.0038022813688212928,0.0,0.015209125475285171,0.06844106463878327,0.0076045627376425855,0.0038022813688212928,0.049429657794676805,0.022813688212927757,0.011406844106463879,0.011406844106463879,0.0,0.0,0.0,0.0,0.0038022813688212928,0.0038022813688212928,0.015209125475285171,0.0,0.0,0.07224334600760456,0.0038022813688212928,0.03802281368821293,0.11406844106463879,0.0076045627376425855,0.0038022813688212928,0.0,0.0076045627376425855,0.011406844106463879,0.0,0.0038022813688212928,0.0,0.0038022813688212928,0.0,0.0038022813688212928,0.0,0.0,0.015209125475285171,0.0,0.0,0.022813688212927757,0.0,0.0,0.03802281368821293,0.015209125475285171,0.011406844106463879,0.0076045627376425855,0.019011406844106463,0.0038022813688212928,0.015209125475285171,0.0,0.0,0.10646387832699619,0.06463878326996197,0.0,0.0,0.011406844106463879,0.0,0.0038022813688212928,0.019011406844106463,0.0,0.0,0.0,0.0,0.0,0.0,0.0,0.0,0.0,0.0,0.0038022813688212928,0.0,0.019011406844106463,0.0,0.0,0.022813688212927757
79,Pierre Chiffelle,Sozialdemokratische Partei der Schweiz (SP),0.0,0.0,0.0,0.0,0.0,0.0,0.0,0.0,0.0,0.0,0.0,0.0,0.0,0.0,0.0,0.0,0.0,0.0,0.0,0.0,0.0,0.0,0.0,0.0,0.0,0.0,0.0,0.0,0.0,0.0,0.0,0.0,0.0,0.0,0.0,0.0,1.0,0.0,0.0,0.0,0.0,0.0,0.0,0.0,0.0,0.0,0.0,0.0,0.0,0.0,0.0,0.0,0.0,0.0,0.0,0.0,0.0,0.0,0.0,0.0,0.0,0.0,0.0,0.0,0.0,0.0,0.0,0.0,0.0,0.0,0.0,0.0,0.0,0.0,0.0,0.0,0.0,0.0,0.0,0.0,0.0,0.0,0.0,0.0
80,Regine Aeppli,Sozialdemokratische Partei der Schweiz (SP),0.0,0.014598540145985401,0.014598540145985401,0.0364963503649635,0.0072992700729927005,0.0,0.0,0.032846715328467155,0.0,0.0,0.0,0.0364963503649635,0.04744525547445255,0.010948905109489052,0.0036496350364963502,0.0072992700729927005,0.051094890510948905,0.014598540145985401,0.010948905109489052,0.010948905109489052,0.0,0.021897810218978103,0.0,0.0036496350364963502,0.010948905109489052,0.025547445255474453,0.0,0.0,0.0036496350364963502,0.0072992700729927005,0.010948905109489052,0.029197080291970802,0.01824817518248175,0.010948905109489052,0.0,0.0072992700729927005,0.014598540145985401,0.0036496350364963502,0.0,0.01824817518248175,0.0072992700729927005,0.0072992700729927005,0.014598540145985401,0.16058394160583941,0.0,0.0,0.010948905109489052,0.0,0.032846715328467155,0.0,0.0072992700729927005,0.029197080291970802,0.014598540145985401,0.021897810218978103,0.0,0.01824817518248175,0.0072992700729927005,0.0072992700729927005,0.0,0.0,0.0036496350364963502,0.05474452554744526,0.0,0.0,0.0072992700729927005,0.0,0.0,0.029197080291970802,0.0,0.058394160583941604,0.0,0.0,0.0,0.0,0.0,0.0,0.0,0.0,0.0,0.010948905109489052,0.010948905109489052,0.0,0.0,0.0
81,Remo Gysin,Sozialdemokratische Partei der Schweiz (SP),0.0,0.006389776357827476,0.006389776357827476,0.07667731629392971,0.006389776357827476,0.012779552715654952,0.0,0.054313099041533544,0.0,0.025559105431309903,0.003194888178913738,0.022364217252396165,0.003194888178913738,0.019169329073482427,0.003194888178913738,0.03514376996805112,0.02875399361022364,0.009584664536741214,0.0,0.025559105431309903,0.0,0.003194888178913738,0.0,0.006389776357827476,0.0,0.003194888178913738,0.003194888178913738,0.003194888178913738,0.022364217252396165,0.009584664536741214,0.0,0.022364217252396165,0.003194888178913738,0.006389776357827476,0.0,0.051118210862619806,0.003194888178913738,0.0,0.0,0.0,0.009584664536741214,0.0,0.006389776357827476,0.0,0.0,0.009584664536741214,0.0,0.0,0.01597444089456869,0.0,0.0,0.21405750798722045,0.03194888178913738,0.03194888178913738,0.006389776357827476,0.009584664536741214,0.003194888178913738,0.05750798722044728,0.0,0.0,0.0,0.02875399361022364,0.0,0.006389776357827476,0.019169329073482427,0.012779552715654952,0.003194888178913738,0.003194888178913738,0.009584664536741214,0.01597444089456869,0.0,0.0,0.0,0.0,0.0,0.0,0.0,0.0,0.0,0.0,0.02875399361022364,0.0,0.0,0.0
82,Roberto Zanetti,Sozialdemokratische Partei der Schweiz (SP),0.0,0.0,0.0,0.07272727272727272,0.0,0.0,0.0,0.05454545454545454,0.0,0.0,0.0,0.01818181818181818,0.12727272727272726,0.0,0.0,0.05454545454545454,0.0,0.0,0.0,0.03636363636363636,0.0,0.0,0.0,0.0,0.0,0.0,0.0,0.0,0.01818181818181818,0.0,0.0,0.0,0.0,0.03636363636363636,0.0,0.0,0.0,0.0,0.0,0.0,0.0,0.0,0.0,0.0,0.0,0.0,0.0,0.0,0.05454545454545454,0.0,0.0,0.3090909090909091,0.0,0.01818181818181818,0.0,0.03636363636363636,0.0,0.0,0.0,0.0,0.0,0.0,0.0,0.07272727272727272,0.0,0.0,0.0,0.0,0.0,0.0,0.0,0.0,0.0,0.0,0.0,0.0,0.0,0.0,0.0,0.0,0.09090909090909091,0.0,0.0,0.0
83,Rudolf Rechsteiner,Sozialdemokratische Partei der Schweiz (SP),0.0,0.0,0.02127659574468085,0.09219858156028368,0.0,0.010638297872340425,0.0,0.0,0.0,0.0,0.0,0.0070921985815602835,0.024822695035460994,0.0070921985815602835,0.0,0.010638297872340425,0.028368794326241134,0.01773049645390071,0.0,0.014184397163120567,0.0,0.19858156028368795,0.014184397163120567,0.0035460992907801418,0.0,0.0035460992907801418,0.0,0.0,0.028368794326241134,0.0070921985815602835,0.0,0.031914893617021274,0.0,0.0070921985815602835,0.0070921985815602835,0.0,0.0070921985815602835,0.0,0.0,0.0,0.0035460992907801418,0.0,0.0070921985815602835,0.0,0.0,0.0070921985815602835,0.0,0.028368794326241134,0.028368794326241134,0.0,0.0,0.1099290780141844,0.02127659574468085,0.014184397163120567,0.0070921985815602835,0.031914893617021274,0.0,0.010638297872340425,0.0,0.0035460992907801418,0.0070921985815602835,0.014184397163120567,0.0,0.02127659574468085,0.0070921985815602835,0.0035460992907801418,0.0,0.0,0.0,0.0,0.0,0.0,0.0,0.0,0.0,0.0,0.0,0.0,0.0,0.0035460992907801418,0.0070921985815602835,0.0,0.0,0.12056737588652482
84,Rudolf Strahm,Sozialdemokratische Partei der Schweiz (SP),0.0,0.006993006993006993,0.02564102564102564,0.08391608391608392,0.016317016317016316,0.0,0.0,0.06060606060606061,0.002331002331002331,0.0,0.0,0.018648018648018648,0.002331002331002331,0.011655011655011656,0.006993006993006993,0.03263403263403263,0.055944055944055944,0.011655011655011656,0.0,0.013986013986013986,0.0,0.004662004662004662,0.0,0.004662004662004662,0.0,0.023310023310023312,0.002331002331002331,0.0,0.013986013986013986,0.0,0.0,0.030303030303030304,0.0,0.004662004662004662,0.004662004662004662,0.004662004662004662,0.013986013986013986,0.0,0.0,0.009324009324009324,0.0,0.002331002331002331,0.006993006993006993,0.006993006993006993,0.0,0.0,0.0,0.006993006993006993,0.02097902097902098,0.0,0.006993006993006993,0.1794871794871795,0.037296037296037296,0.030303030303030304,0.023310023310023312,0.011655011655011656,0.004662004662004662,0.027972027972027972,0.0,0.004662004662004662,0.002331002331002331,0.06060606060606061,0.0,0.04895104895104895,0.0,0.004662004662004662,0.004662004662004662,0.006993006993006993,0.006993006993006993,0.0,0.0,0.0,0.0,0.0,0.0,0.002331002331002331,0.0,0.0,0.002331002331002331,0.0,0.02097902097902098,0.0,0.0,0.002331002331002331
85,Ruth-Gaby Vermot-Mangold,Sozialdemokratische Partei der Schweiz (SP),0.0,0.008403361344537815,0.0,0.07563025210084033,0.025210084033613446,0.0,0.0,0.025210084033613446,0.0,0.0,0.0,0.04201680672268908,0.008403361344537815,0.008403361344537815,0.008403361344537815,0.01680672268907563,0.01680672268907563,0.01680672268907563,0.0,0.008403361344537815,0.0,0.0,0.0,0.0,0.0,0.058823529411764705,0.0,0.0,0.008403361344537815,0.008403361344537815,0.05042016806722689,0.05042016806722689,0.0,0.008403361344537815,0.0,0.008403361344537815,0.01680672268907563,0.0,0.0,0.0,0.03361344537815126,0.0,0.008403361344537815,0.0,0.0,0.0,0.0,0.008403361344537815,0.008403361344537815,0.0,0.0,0.09243697478991597,0.03361344537815126,0.01680672268907563,0.0,0.01680672268907563,0.0,0.008403361344537815,0.0,0.0,0.0,0.226890756302521,0.0,0.03361344537815126,0.0,0.0,0.0,0.03361344537815126,0.008403361344537815,0.0,0.0,0.0,0.0,0.0,0.0,0.0,0.0,0.0,0.0,0.0,0.0,0.0,0.0,0.0
86,Simonetta Sommaruga,Sozialdemokratische Partei der Schweiz (SP),0.0,0.002898550724637681,0.011594202898550725,0.08115942028985507,0.005797101449275362,0.0,0.0,0.043478260869565216,0.0,0.002898550724637681,0.0,0.02608695652173913,0.14202898550724638,0.008695652173913044,0.008695652173913044,0.0,0.002898550724637681,0.008695652173913044,0.002898550724637681,0.0,0.0,0.017391304347826087,0.014492753623188406,0.0,0.0,0.0,0.002898550724637681,0.0,0.005797101449275362,0.002898550724637681,0.002898550724637681,0.06956521739130435,0.0,0.008695652173913044,0.0,0.0,0.0,0.0,0.0,0.0,0.002898550724637681,0.0,0.002898550724637681,0.0,0.0,0.1536231884057971,0.0,0.017391304347826087,0.008695652173913044,0.0,0.008695652173913044,0.09565217391304348,0.028985507246376812,0.028985507246376812,0.002898550724637681,0.020289855072463767,0.002898550724637681,0.07536231884057971,0.0,0.0,0.0,0.002898550724637681,0.0,0.017391304347826087,0.020289855072463767,0.008695652173913044,0.002898550724637681,0.005797101449275362,0.005797101449275362,0.005797101449275362,0.002898550724637681,0.0,0.0,0.0,0.0,0.0,0.0,0.0,0.0,0.002898550724637681,0.002898550724637681,0.0,0.0,0.0
87,Stephanie Baumann,Sozialdemokratische Partei der Schweiz (SP),0.0,0.0,0.012345679012345678,0.07407407407407407,0.0,0.0,0.012345679012345678,0.04938271604938271,0.0,0.0,0.0,0.0,0.07407407407407407,0.024691358024691357,0.0,0.0,0.06172839506172839,0.012345679012345678,0.0,0.024691358024691357,0.0,0.0,0.0,0.012345679012345678,0.0,0.024691358024691357,0.0,0.0,0.012345679012345678,0.07407407407407407,0.0,0.0,0.0,0.0,0.0,0.0,0.012345679012345678,0.0,0.0,0.0,0.024691358024691357,0.0,0.0,0.0,0.0,0.0,0.0,0.0,0.037037037037037035,0.0,0.0,0.16049382716049382,0.012345679012345678,0.037037037037037035,0.0,0.012345679012345678,0.0,0.012345679012345678,0.0,0.0,0.0,0.14814814814814814,0.0,0.012345679012345678,0.0,0.0,0.0,0.0,0.0,0.0,0.0,0.0,0.0,0.0,0.0,0.0,0.0,0.0,0.0,0.04938271604938271,0.012345679012345678,0.0,0.0,0.0
88,Susanne Leutenegger Oberholzer,Sozialdemokratische Partei der Schweiz (SP),0.0,0.00911854103343465,0.0121580547112462,0.057750759878419454,0.02735562310030395,0.04559270516717325,0.0,0.0182370820668693,0.0060790273556231,0.00303951367781155,0.0,0.02127659574468085,0.0729483282674772,0.0060790273556231,0.00911854103343465,0.0182370820668693,0.00911854103343465,0.0060790273556231,0.00303951367781155,0.00303951367781155,0.0,0.0,0.0,0.0121580547112462,0.00303951367781155,0.03343465045592705,0.0,0.0,0.1033434650455927,0.0060790273556231,0.00303951367781155,0.0121580547112462,0.0182370820668693,0.00911854103343465,0.0,0.00303951367781155,0.0182370820668693,0.0,0.0,0.0060790273556231,0.0060790273556231,0.00303951367781155,0.00303951367781155,0.0060790273556231,0.030395136778115502,0.0060790273556231,0.0,0.0,0.0121580547112462,0.0,0.0,0.08206686930091185,0.0121580547112462,0.015197568389057751,0.03951367781155015,0.00303951367781155,0.0,0.015197568389057751,0.0,0.0,0.00303951367781155,0.1398176291793313,0.0,0.00911854103343465,0.03951367781155015,0.0,0.0,0.00303951367781155,0.00303951367781155,0.00303951367781155,0.00303951367781155,0.0,0.0,0.0,0.0,0.0,0.0,0.0,0.0,0.00303951367781155,0.00303951367781155,0.0,0.0,0.0
89,Urs Hofmann,Sozialdemokratische Partei der Schweiz (SP),0.0,0.006896551724137931,0.017241379310344827,0.03793103448275862,0.0,0.010344827586206896,0.013793103448275862,0.027586206896551724,0.0,0.0,0.0,0.017241379310344827,0.017241379310344827,0.006896551724137931,0.0,0.04827586206896552,0.013793103448275862,0.006896551724137931,0.0,0.013793103448275862,0.0,0.006896551724137931,0.0,0.0,0.0034482758620689655,0.0,0.0,0.0,0.0034482758620689655,0.0,0.0,0.027586206896551724,0.0,0.0,0.006896551724137931,0.0,0.0,0.0,0.0,0.0,0.020689655172413793,0.017241379310344827,0.0,0.0,0.0,0.0,0.0,0.013793103448275862,0.04827586206896552,0.0,0.0,0.3448275862068966,0.017241379310344827,0.013793103448275862,0.0,0.13793103448275862,0.0034482758620689655,0.0,0.0,0.0,0.0,0.0,0.006896551724137931,0.013793103448275862,0.010344827586206896,0.0,0.0,0.0,0.0,0.05517241379310345,0.0,0.0,0.0,0.0,0.0,0.0,0.0,0.0,0.0,0.0034482758620689655,0.0,0.0,0.0,0.006896551724137931
90,Ursula Koch,Sozialdemokratische Partei der Schweiz (SP),0.0,0.0,0.0,0.0,0.0,0.0,0.0,0.0,0.0,0.0,0.0,0.0,0.0,0.0,0.0,0.0,0.25,0.0,0.0,0.0,0.0,0.0,0.0,0.0,0.0,0.0,0.0,0.0,0.0,0.0,0.0,0.0,0.0,0.0,0.0,0.0,0.0,0.0,0.0,0.0,0.0,0.0,0.0,0.0,0.0,0.0,0.0,0.0,0.0,0.0,0.0,0.75,0.0,0.0,0.0,0.0,0.0,0.0,0.0,0.0,0.0,0.0,0.0,0.0,0.0,0.0,0.0,0.0,0.0,0.0,0.0,0.0,0.0,0.0,0.0,0.0,0.0,0.0,0.0,0.0,0.0,0.0,0.0,0.0
91,Ursula Wyss,Sozialdemokratische Partei der Schweiz (SP),0.0,0.0,0.0,0.07692307692307693,0.057692307692307696,0.038461538461538464,0.0,0.019230769230769232,0.0,0.0,0.0,0.057692307692307696,0.0,0.0,0.0,0.0,0.019230769230769232,0.019230769230769232,0.0,0.0,0.0,0.019230769230769232,0.019230769230769232,0.0,0.0,0.019230769230769232,0.019230769230769232,0.019230769230769232,0.038461538461538464,0.038461538461538464,0.019230769230769232,0.07692307692307693,0.0,0.0,0.0,0.0,0.0,0.0,0.0,0.0,0.0,0.0,0.0,0.0,0.0,0.038461538461538464,0.0,0.0,0.0,0.0,0.0,0.11538461538461539,0.0,0.019230769230769232,0.0,0.019230769230769232,0.0,0.038461538461538464,0.0,0.0,0.0,0.11538461538461539,0.0,0.019230769230769232,0.0,0.0,0.0,0.019230769230769232,0.019230769230769232,0.0,0.0,0.0,0.0,0.0,0.0,0.0,0.0,0.0,0.0,0.0,0.038461538461538464,0.0,0.0,0.0
92,Vreni Hubmann,Sozialdemokratische Partei der Schweiz (SP),0.0,0.008547008547008548,0.017094017094017096,0.11965811965811966,0.02564102564102564,0.008547008547008548,0.0,0.08547008547008547,0.0,0.0,0.0,0.02564102564102564,0.08547008547008547,0.0,0.0,0.03418803418803419,0.008547008547008548,0.0,0.0,0.008547008547008548,0.0,0.0,0.0,0.0,0.0,0.017094017094017096,0.0,0.0,0.05128205128205128,0.008547008547008548,0.008547008547008548,0.02564102564102564,0.008547008547008548,0.008547008547008548,0.0,0.0,0.0,0.0,0.0,0.03418803418803419,0.008547008547008548,0.0,0.0,0.0,0.03418803418803419,0.0,0.0,0.0,0.0,0.0,0.0,0.03418803418803419,0.02564102564102564,0.017094017094017096,0.0,0.0,0.0,0.042735042735042736,0.008547008547008548,0.0,0.0,0.042735042735042736,0.0,0.02564102564102564,0.0,0.008547008547008548,0.0,0.03418803418803419,0.05982905982905983,0.042735042735042736,0.0,0.0,0.0,0.0,0.0,0.0,0.0,0.0,0.0,0.008547008547008548,0.017094017094017096,0.0,0.0,0.0
93,Vreni Müller-Hemmi,Sozialdemokratische Partei der Schweiz (SP),0.0,0.009202453987730062,0.003067484662576687,0.03067484662576687,0.003067484662576687,0.0,0.003067484662576687,0.10736196319018405,0.0,0.015337423312883436,0.003067484662576687,0.0,0.0,0.024539877300613498,0.003067484662576687,0.003067484662576687,0.009202453987730062,0.003067484662576687,0.0,0.012269938650306749,0.0,0.0,0.009202453987730062,0.0,0.0,0.009202453987730062,0.0,0.0,0.006134969325153374,0.003067484662576687,0.0,0.024539877300613498,0.0,0.024539877300613498,0.0,0.015337423312883436,0.003067484662576687,0.0,0.0,0.0,0.018404907975460124,0.046012269938650305,0.009202453987730062,0.0,0.0,0.0,0.0,0.003067484662576687,0.009202453987730062,0.0,0.0,0.18711656441717792,0.003067484662576687,0.003067484662576687,0.0,0.012269938650306749,0.027607361963190184,0.012269938650306749,0.0,0.0,0.0,0.07668711656441718,0.1656441717791411,0.03374233128834356,0.003067484662576687,0.0,0.0,0.003067484662576687,0.006134969325153374,0.012269938650306749,0.0,0.0,0.0,0.0,0.0,0.0,0.0,0.0,0.0,0.006134969325153374,0.03680981595092025,0.0,0.0,0.0
94,Werner Marti,Sozialdemokratische Partei der Schweiz (SP),0.0,0.0,0.05673758865248227,0.14893617021276595,0.0070921985815602835,0.014184397163120567,0.02127659574468085,0.04964539007092199,0.04964539007092199,0.0,0.0,0.0,0.0,0.028368794326241134,0.0070921985815602835,0.014184397163120567,0.0070921985815602835,0.0070921985815602835,0.0,0.0,0.0,0.0,0.0,0.014184397163120567,0.014184397163120567,0.0070921985815602835,0.0,0.0,0.0070921985815602835,0.014184397163120567,0.0,0.028368794326241134,0.0,0.0,0.0,0.0,0.0,0.0,0.0,0.0,0.06382978723404255,0.0,0.0,0.0,0.0,0.0070921985815602835,0.014184397163120567,0.0,0.03546099290780142,0.0,0.0,0.10638297872340426,0.07801418439716312,0.028368794326241134,0.0070921985815602835,0.014184397163120567,0.0,0.0425531914893617,0.0,0.0,0.014184397163120567,0.03546099290780142,0.0,0.014184397163120567,0.0,0.0,0.0,0.0070921985815602835,0.0,0.02127659574468085,0.0,0.0,0.0,0.0,0.0,0.0,0.0,0.0,0.0,0.014184397163120567,0.0,0.0,0.0,0.0
