,Speaker,Speaker Party,"('allgemein', 'volksinitiativ')","('ansicht', 'svpfraktion')","('arbeitnehmerinn', 'arbeitnehm')","('arme', 'xxi')","('artikel', 'absatz')","('artikel', 'or')","('aussenpolit', 'kommission')","('autofrei', 'sonntag')","('bilateral', 'abkomm')","('bitt', 'antrag')","('bitt', 'deshalb')","('bitt', 'nam')","('bund', 'kanton')","('bundesamt', 'justiz')","('bundesamt', 'verkehr')","('bundesprasident', 'villig')","('bundesrat', 'villig')","('darauf', 'aufmerksam')","('darum', 'geht')","('de', 'dardel')","('desweg', 'mocht')","('drei', 'jahr')","('einseit', 'massnahm')","('energi', 'schweiz')","('entwurf', 'bundesrat')","('erinner', 'ruf')","('erneuerbar', 'energi')","('erst', 'lini')","('etapp', 'bahn')","('europa', 'union')","('flankier', 'massnahm')","('flughaf', 'zurich')","('frag', 'herrn')","('fried', 'sicherheitspolit')","('ganz', 'schweiz')","('ganz', 'wichtig')","('geht', 'darum')","('geltend', 'recht')","('gemass', 'artikel')","('gesetz', 'grundlag')","('herr', 'bundesprasident')","('herr', 'bundesrat')","('herr', 'kolleg')","('herr', 'schluer')","('herr', 'theil')","('indig', 'volk')","('kanton', 'uri')","('kanton', 'zurich')","('kommission', 'rechtsfrag')","('kommission', 'stimm')","('kommission', 'verkehr')","('konstruktiv', 'referendum')","('mehr', 'benotigt')","('mehr', 'geld')","('mehrheit', 'kommission')","('mehrheit', 'svpfraktion')","('mieterinn', 'miet')","('million', 'frank')","('mind', 'i')","('mind', 'ii')","('mocht', 'daran')","('mocht', 'darauf')","('nach', 'jahr')","('nam', 'kommission')","('nam', 'spfraktion')","('nam', 'svpfraktion')","('neu', 'steu')","('offent', 'verkehr')","('parlamentar', 'initiativ')","('patient', 'patientinn')","('pensionskass', 'bund')","('pro', 'helvetia')","('pro', 'jahr')","('rentn', 'rentnerinn')","('rentnerinn', 'rentn')","('rund', 'milliard')","('russisch', 'foderation')","('schluss', 'gekomm')","('seit', 'jahr')","('servic', 'public')","('spfraktion', 'antrag')","('spfraktion', 'beantrag')","('spfraktion', 'bitt')","('spfraktion', 'ersuch')","('spfraktion', 'lehnt')","('spfraktion', 'mehrheit')","('spfraktion', 'mind')","('spfraktion', 'mocht')","('st', 'gall')","('standerat', 'folg')","('status', 'quo')","('steu', 'abgab')","('sursis', 'partiel')","('svpfraktion', 'antrag')","('svpfraktion', 'beantragt')","('svpfraktion', 'bitt')","('svpfraktion', 'bittet')","('svpfraktion', 'empfiehlt')","('svpfraktion', 'lehnt')","('svpfraktion', 'mehrheit')","('svpfraktion', 'mind')","('svpfraktion', 'vorlag')","('uns', 'kommission')","('unt', 'mittl')","('verkehr', 'fernmeldewes')","('vier', 'jahr')","('voll', 'ganz')","('weiterbild', 'schweiz')","('zehn', 'jahr')","('zweit', 'etapp')","('zweit', 'rohr')","('zweit', 'saul')"
0,Bruno Zuppiger,Schweizerische Volkspartei (SVP),0.0,0.030864197530864196,0.0030864197530864196,0.0,0.046296296296296294,0.0,0.0,0.0,0.0,0.024691358024691357,0.0030864197530864196,0.018518518518518517,0.05555555555555555,0.0,0.0,0.006172839506172839,0.006172839506172839,0.0,0.006172839506172839,0.0,0.0,0.006172839506172839,0.0,0.0030864197530864196,0.015432098765432098,0.0,0.006172839506172839,0.027777777777777776,0.0,0.0,0.0030864197530864196,0.0,0.0030864197530864196,0.0,0.0,0.0,0.021604938271604937,0.006172839506172839,0.0030864197530864196,0.012345679012345678,0.006172839506172839,0.006172839506172839,0.006172839506172839,0.0,0.0,0.0,0.0,0.009259259259259259,0.0,0.006172839506172839,0.0,0.0,0.0,0.009259259259259259,0.06790123456790123,0.012345679012345678,0.0030864197530864196,0.19444444444444445,0.05864197530864197,0.018518518518518517,0.0,0.0,0.012345679012345678,0.0,0.0,0.05864197530864197,0.018518518518518517,0.0030864197530864196,0.0030864197530864196,0.0,0.0,0.0030864197530864196,0.012345679012345678,0.0,0.0,0.0,0.0,0.0030864197530864196,0.0030864197530864196,0.0,0.0,0.0,0.0,0.0,0.0,0.0,0.0,0.0030864197530864196,0.0,0.012345679012345678,0.0,0.015432098765432098,0.0,0.018518518518518517,0.0,0.021604938271604937,0.0030864197530864196,0.0,0.0,0.027777777777777776,0.018518518518518517,0.009259259259259259,0.0030864197530864196,0.0030864197530864196,0.0,0.012345679012345678,0.0,0.0,0.027777777777777776,0.0,0.0,0.0
1,Caspar Baader,Schweizerische Volkspartei (SVP),0.010183299389002037,0.0,0.008146639511201629,0.0,0.12016293279022404,0.0,0.0,0.0,0.002036659877800407,0.016293279022403257,0.032586558044806514,0.014256619144602852,0.016293279022403257,0.004073319755600814,0.0,0.0,0.008146639511201629,0.0,0.008146639511201629,0.002036659877800407,0.0,0.004073319755600814,0.0,0.0,0.016293279022403257,0.002036659877800407,0.0,0.018329938900203666,0.0,0.0,0.006109979633401222,0.0,0.0,0.0,0.0,0.0,0.028513238289205704,0.002036659877800407,0.02240325865580448,0.0,0.002036659877800407,0.012219959266802444,0.004073319755600814,0.002036659877800407,0.0,0.0,0.0,0.006109979633401222,0.012219959266802444,0.008146639511201629,0.002036659877800407,0.0,0.006109979633401222,0.002036659877800407,0.07331975560081466,0.004073319755600814,0.006109979633401222,0.1690427698574338,0.04684317718940937,0.03665987780040733,0.0,0.0,0.0,0.008146639511201629,0.0,0.006109979633401222,0.008146639511201629,0.0,0.07535641547861507,0.0,0.008146639511201629,0.0,0.034623217922606926,0.0,0.002036659877800407,0.006109979633401222,0.0,0.0,0.002036659877800407,0.0,0.0,0.0,0.0,0.0,0.0,0.0,0.0,0.0,0.0,0.03054989816700611,0.0,0.006109979633401222,0.0,0.002036659877800407,0.008146639511201629,0.002036659877800407,0.014256619144602852,0.0,0.0,0.004073319755600814,0.004073319755600814,0.0,0.0,0.0,0.002036659877800407,0.012219959266802444,0.0,0.0,0.026476578411405296,0.0,0.0,0.002036659877800407
2,Christian Speck,Schweizerische Volkspartei (SVP),0.0,0.00398406374501992,0.0,0.0,0.07569721115537849,0.0,0.0,0.0,0.0,0.0199203187250996,0.0199203187250996,0.01195219123505976,0.00398406374501992,0.0,0.0,0.0,0.0,0.00796812749003984,0.0,0.0,0.0,0.027888446215139442,0.0,0.02390438247011952,0.00796812749003984,0.00796812749003984,0.1593625498007968,0.00398406374501992,0.0,0.0,0.0,0.0,0.0,0.0,0.0,0.0,0.01593625498007968,0.0199203187250996,0.01593625498007968,0.00398406374501992,0.0,0.00398406374501992,0.00796812749003984,0.0,0.0,0.0,0.0,0.00398406374501992,0.0,0.00398406374501992,0.0,0.0,0.0,0.0,0.055776892430278883,0.00796812749003984,0.0,0.09561752988047809,0.04780876494023904,0.00796812749003984,0.00796812749003984,0.00796812749003984,0.01195219123505976,0.0,0.0,0.00398406374501992,0.06374501992031872,0.0,0.05179282868525897,0.0,0.0,0.0,0.03187250996015936,0.0,0.0,0.0,0.0,0.00398406374501992,0.0,0.00398406374501992,0.0,0.0,0.0,0.0,0.0,0.0,0.0,0.0,0.0,0.01195219123505976,0.0,0.02390438247011952,0.0,0.0,0.02390438247011952,0.0,0.03187250996015936,0.0199203187250996,0.00398406374501992,0.0,0.0,0.0,0.00398406374501992,0.0,0.0,0.00398406374501992,0.0,0.0,0.02390438247011952,0.0,0.0,0.0
3,Christoffel Brändli,Schweizerische Volkspartei (SVP),0.0,0.0,0.0,0.0,0.06443298969072164,0.002577319587628866,0.0,0.010309278350515464,0.0,0.030927835051546393,0.02577319587628866,0.002577319587628866,0.020618556701030927,0.0,0.002577319587628866,0.005154639175257732,0.01288659793814433,0.005154639175257732,0.01804123711340206,0.0,0.0,0.015463917525773196,0.0,0.002577319587628866,0.010309278350515464,0.002577319587628866,0.0,0.020618556701030927,0.0,0.0,0.005154639175257732,0.005154639175257732,0.002577319587628866,0.0,0.007731958762886598,0.0,0.03865979381443299,0.002577319587628866,0.01288659793814433,0.005154639175257732,0.0,0.020618556701030927,0.0,0.0,0.0,0.0,0.0,0.010309278350515464,0.0,0.007731958762886598,0.002577319587628866,0.0,0.002577319587628866,0.002577319587628866,0.007731958762886598,0.0,0.0,0.2963917525773196,0.007731958762886598,0.005154639175257732,0.005154639175257732,0.020618556701030927,0.03608247422680412,0.01288659793814433,0.0,0.0,0.005154639175257732,0.05412371134020619,0.05670103092783505,0.0,0.0,0.0,0.002577319587628866,0.0,0.0,0.010309278350515464,0.0,0.0,0.010309278350515464,0.015463917525773196,0.0,0.0,0.0,0.0,0.0,0.0,0.0,0.0,0.0,0.005154639175257732,0.0,0.0,0.0,0.0,0.0,0.0,0.0,0.0,0.0,0.0,0.0,0.0,0.01804123711340206,0.0,0.002577319587628866,0.028350515463917526,0.0,0.0,0.020618556701030927,0.0,0.0,0.0
4,Christoph Blocher,Schweizerische Volkspartei (SVP),0.0,0.0,0.0,0.0,0.006493506493506494,0.0,0.0,0.0,0.0,0.0,0.0,0.0,0.032467532467532464,0.0,0.0,0.0,0.05844155844155844,0.01948051948051948,0.006493506493506494,0.0,0.0,0.01948051948051948,0.0,0.0,0.012987012987012988,0.0,0.0,0.01948051948051948,0.0,0.006493506493506494,0.0,0.006493506493506494,0.0,0.0,0.006493506493506494,0.0,0.045454545454545456,0.0,0.0,0.006493506493506494,0.012987012987012988,0.1038961038961039,0.0,0.0,0.01948051948051948,0.0,0.0,0.01948051948051948,0.0,0.006493506493506494,0.0,0.0,0.006493506493506494,0.06493506493506493,0.012987012987012988,0.0,0.0,0.2727272727272727,0.012987012987012988,0.012987012987012988,0.0,0.006493506493506494,0.01948051948051948,0.0,0.0,0.0,0.0,0.0,0.03896103896103896,0.0,0.0,0.0,0.025974025974025976,0.0,0.0,0.0,0.0,0.0,0.006493506493506494,0.0,0.0,0.0,0.0,0.0,0.0,0.0,0.0,0.0,0.0,0.006493506493506494,0.0,0.012987012987012988,0.0,0.0,0.0,0.0,0.0,0.0,0.006493506493506494,0.0,0.0,0.0,0.0,0.0,0.0,0.01948051948051948,0.0,0.0,0.03896103896103896,0.0,0.0,0.025974025974025976
5,Christoph Mörgeli,Schweizerische Volkspartei (SVP),0.0,0.0,0.0,0.0,0.03571428571428571,0.0,0.08333333333333333,0.0,0.0,0.011904761904761904,0.0,0.011904761904761904,0.0,0.0,0.0,0.0,0.011904761904761904,0.0,0.011904761904761904,0.0,0.0,0.023809523809523808,0.0,0.0,0.0,0.0,0.0,0.07142857142857142,0.0,0.07142857142857142,0.0,0.0,0.0,0.0,0.0,0.0,0.011904761904761904,0.011904761904761904,0.0,0.011904761904761904,0.0,0.11904761904761904,0.08333333333333333,0.0,0.0,0.0,0.0,0.0,0.0,0.0,0.0,0.0,0.0,0.011904761904761904,0.0,0.047619047619047616,0.011904761904761904,0.20238095238095238,0.023809523809523808,0.0,0.0,0.0,0.0,0.0,0.0,0.03571428571428571,0.011904761904761904,0.0,0.0,0.0,0.0,0.0,0.0,0.0,0.0,0.0,0.0,0.011904761904761904,0.0,0.0,0.0,0.0,0.0,0.0,0.0,0.0,0.0,0.0,0.0,0.0,0.0,0.011904761904761904,0.0,0.011904761904761904,0.011904761904761904,0.0,0.023809523809523808,0.0,0.0,0.0,0.0,0.0,0.0,0.0,0.0,0.0,0.0,0.0,0.011904761904761904,0.0,0.0,0.0
6,Elmar Bigger,Schweizerische Volkspartei (SVP),0.0,0.0,0.0,0.0,0.08695652173913043,0.0,0.0,0.0,0.0,0.0,0.0,0.08695652173913043,0.0,0.0,0.0,0.0,0.0,0.0,0.0,0.0,0.0,0.0,0.0,0.0,0.0,0.0,0.0,0.043478260869565216,0.0,0.0,0.0,0.0,0.043478260869565216,0.0,0.0,0.0,0.0,0.0,0.0,0.0,0.0,0.13043478260869565,0.043478260869565216,0.0,0.0,0.0,0.0,0.0,0.0,0.0,0.0,0.0,0.0,0.043478260869565216,0.043478260869565216,0.08695652173913043,0.0,0.08695652173913043,0.0,0.0,0.0,0.0,0.0,0.0,0.0,0.13043478260869565,0.0,0.0,0.0,0.0,0.0,0.0,0.043478260869565216,0.0,0.0,0.0,0.0,0.0,0.0,0.0,0.0,0.0,0.0,0.0,0.0,0.0,0.0,0.0,0.043478260869565216,0.0,0.0,0.0,0.0,0.0,0.0,0.0,0.0,0.0,0.0,0.043478260869565216,0.0,0.0,0.0,0.0,0.0,0.043478260869565216,0.0,0.0,0.0,0.0,0.0,0.0
7,Ernst Schibli,Schweizerische Volkspartei (SVP),0.0,0.0,0.0,0.0,0.0,0.0,0.0,0.0,0.0,0.0,0.125,0.125,0.0,0.0,0.0,0.0,0.0,0.0,0.0625,0.0,0.0,0.0,0.0,0.0,0.0625,0.0,0.0,0.0,0.0,0.0,0.0,0.0,0.0,0.0,0.0,0.0,0.0625,0.0,0.0,0.0,0.0,0.125,0.0,0.0,0.0,0.0,0.0,0.0,0.0,0.0,0.0,0.0,0.0,0.0,0.0,0.0,0.0,0.0625,0.0,0.0,0.0,0.0,0.0,0.0,0.0,0.125,0.0,0.0,0.0625,0.0,0.0,0.0,0.0,0.0,0.0,0.0,0.0,0.0,0.0,0.0,0.0,0.0,0.0,0.0,0.0,0.0,0.0,0.0,0.0,0.0625,0.0,0.0,0.0,0.0,0.0,0.0,0.0,0.0,0.0,0.0,0.0,0.0625,0.0,0.0,0.0,0.0625,0.0,0.0,0.0,0.0,0.0,0.0
8,Fritz Abraham Oehrli,Schweizerische Volkspartei (SVP),0.0,0.0,0.0,0.0,0.15,0.0,0.0,0.0,0.0,0.1,0.0,0.0,0.0,0.0,0.0,0.0,0.05,0.0,0.0,0.0,0.0,0.0,0.0,0.0,0.0,0.0,0.0,0.0,0.0,0.0,0.0,0.0,0.0,0.0,0.0,0.0,0.0,0.0,0.0,0.0,0.0,0.1,0.0,0.0,0.0,0.0,0.0,0.025,0.0,0.0,0.0,0.0,0.0,0.025,0.0,0.0,0.0,0.175,0.125,0.075,0.0,0.0,0.0,0.0,0.0,0.025,0.0,0.0,0.05,0.0,0.0,0.0,0.025,0.0,0.0,0.0,0.0,0.0,0.0,0.0,0.0,0.0,0.0,0.0,0.0,0.0,0.0,0.0,0.0,0.0,0.0,0.0,0.0,0.0,0.0,0.0,0.0,0.0,0.025,0.0,0.0,0.0,0.0,0.0,0.0,0.0,0.0,0.0,0.05,0.0,0.0,0.0
9,Hannes Germann,Schweizerische Volkspartei (SVP),0.0,0.0,0.0,0.0,0.0425531914893617,0.0,0.0,0.0,0.0,0.0,0.0,0.0,0.0425531914893617,0.0,0.0,0.0,0.02127659574468085,0.0,0.02127659574468085,0.0,0.0,0.0,0.0425531914893617,0.0,0.0,0.02127659574468085,0.0,0.02127659574468085,0.0,0.0,0.02127659574468085,0.02127659574468085,0.0,0.0,0.02127659574468085,0.0,0.02127659574468085,0.02127659574468085,0.0425531914893617,0.0,0.0,0.0,0.0851063829787234,0.0,0.0,0.0,0.0,0.02127659574468085,0.02127659574468085,0.0,0.0,0.0,0.0,0.0,0.02127659574468085,0.0,0.0,0.02127659574468085,0.06382978723404255,0.0425531914893617,0.0,0.0,0.02127659574468085,0.0,0.0,0.0,0.0,0.1702127659574468,0.0,0.0,0.0,0.0,0.0,0.0,0.0,0.0,0.0,0.0,0.0,0.0,0.0,0.0,0.0,0.0,0.0,0.0,0.0,0.0,0.0,0.0,0.02127659574468085,0.0,0.0,0.0,0.0,0.0,0.0,0.0,0.0,0.0,0.0,0.0,0.0,0.0,0.0,0.0851063829787234,0.0,0.0,0.02127659574468085,0.0,0.0,0.0425531914893617
10,Hans Fehr,Schweizerische Volkspartei (SVP),0.0625,0.0,0.0,0.07291666666666667,0.0,0.0,0.010416666666666666,0.0,0.0,0.020833333333333332,0.010416666666666666,0.010416666666666666,0.0,0.010416666666666666,0.0,0.0,0.0,0.0,0.020833333333333332,0.041666666666666664,0.0,0.0,0.0,0.0,0.0,0.0,0.0,0.0,0.0,0.010416666666666666,0.0,0.0,0.0,0.0,0.010416666666666666,0.0,0.052083333333333336,0.020833333333333332,0.03125,0.0,0.0,0.19791666666666666,0.0,0.0,0.0,0.0,0.0,0.010416666666666666,0.020833333333333332,0.0,0.0,0.0625,0.0,0.0,0.0,0.0,0.0,0.125,0.0,0.020833333333333332,0.020833333333333332,0.0,0.0,0.0,0.0,0.010416666666666666,0.0,0.0,0.0625,0.0,0.0,0.0,0.010416666666666666,0.0,0.0,0.010416666666666666,0.0,0.0,0.020833333333333332,0.0,0.0,0.0,0.0,0.0,0.0,0.0,0.0,0.0,0.010416666666666666,0.0,0.0,0.0,0.0,0.0,0.0,0.0,0.0,0.0,0.0,0.0,0.0,0.0,0.0,0.0,0.0,0.010416666666666666,0.0,0.0,0.020833333333333332,0.0,0.0,0.0
11,Hans Hofmann,Schweizerische Volkspartei (SVP),0.0,0.0,0.0,0.0,0.06181818181818182,0.0,0.0036363636363636364,0.007272727272727273,0.0,0.01818181818181818,0.05090909090909091,0.0036363636363636364,0.025454545454545455,0.01090909090909091,0.0036363636363636364,0.007272727272727273,0.01090909090909091,0.0,0.0,0.0,0.0,0.02909090909090909,0.0,0.02909090909090909,0.01090909090909091,0.0036363636363636364,0.0036363636363636364,0.0036363636363636364,0.0,0.01090909090909091,0.0036363636363636364,0.01818181818181818,0.0,0.0,0.01090909090909091,0.0,0.0036363636363636364,0.0,0.007272727272727273,0.0,0.0036363636363636364,0.05090909090909091,0.0036363636363636364,0.0,0.0,0.0,0.0036363636363636364,0.10181818181818182,0.02181818181818182,0.0,0.0036363636363636364,0.0,0.014545454545454545,0.0,0.01818181818181818,0.0,0.0,0.12363636363636364,0.01090909090909091,0.0036363636363636364,0.0,0.0,0.01090909090909091,0.0,0.0,0.0,0.0,0.0,0.06545454545454546,0.0,0.0,0.0,0.007272727272727273,0.0,0.0,0.01090909090909091,0.0,0.01090909090909091,0.01818181818181818,0.0,0.0,0.0,0.0,0.0,0.0,0.0,0.0,0.0,0.0,0.0,0.0,0.0,0.0,0.0,0.0,0.0,0.0,0.0,0.0,0.0,0.0,0.0,0.05818181818181818,0.0,0.0036363636363636364,0.05818181818181818,0.01818181818181818,0.0,0.04,0.0,0.0,0.0
12,Hans Kaufmann,Schweizerische Volkspartei (SVP),0.0,0.0,0.0,0.0,0.013888888888888888,0.0,0.0,0.0,0.0,0.0,0.006944444444444444,0.0,0.020833333333333332,0.0,0.0,0.0,0.006944444444444444,0.0,0.013888888888888888,0.0,0.0,0.0,0.0,0.0,0.020833333333333332,0.0,0.0,0.006944444444444444,0.0,0.0,0.0,0.0,0.0,0.0,0.0,0.0,0.013888888888888888,0.0,0.0,0.0,0.0,0.006944444444444444,0.0,0.0,0.0,0.0,0.0,0.013888888888888888,0.0,0.0,0.006944444444444444,0.0,0.013888888888888888,0.0,0.0,0.006944444444444444,0.0,0.4791666666666667,0.0,0.006944444444444444,0.0,0.0,0.06944444444444445,0.0,0.0,0.013888888888888888,0.027777777777777776,0.04861111111111111,0.034722222222222224,0.0,0.027777777777777776,0.0,0.041666666666666664,0.0,0.0,0.027777777777777776,0.0,0.0,0.006944444444444444,0.013888888888888888,0.0,0.0,0.0,0.0,0.0,0.0,0.0,0.0,0.0,0.0,0.0,0.0,0.0,0.0,0.006944444444444444,0.0,0.0,0.0,0.0,0.0,0.0,0.0,0.013888888888888888,0.0,0.006944444444444444,0.0,0.0,0.0,0.013888888888888888,0.0,0.0,0.006944444444444444
13,Hans Lauri,Schweizerische Volkspartei (SVP),0.0,0.0,0.0,0.0,0.03636363636363636,0.012121212121212121,0.0,0.0,0.0,0.030303030303030304,0.0,0.0,0.07272727272727272,0.01818181818181818,0.0,0.0,0.012121212121212121,0.012121212121212121,0.024242424242424242,0.0,0.0,0.03636363636363636,0.0,0.0,0.0,0.006060606060606061,0.0,0.012121212121212121,0.0,0.0,0.0,0.0,0.0,0.0,0.0,0.0,0.024242424242424242,0.0,0.024242424242424242,0.006060606060606061,0.0,0.012121212121212121,0.024242424242424242,0.0,0.0,0.0,0.0,0.0,0.012121212121212121,0.006060606060606061,0.006060606060606061,0.0,0.0,0.0,0.03636363636363636,0.0,0.0,0.28484848484848485,0.03636363636363636,0.006060606060606061,0.0,0.0,0.01818181818181818,0.0,0.0,0.0,0.006060606060606061,0.012121212121212121,0.006060606060606061,0.0,0.006060606060606061,0.0,0.048484848484848485,0.0,0.0,0.012121212121212121,0.0,0.024242424242424242,0.012121212121212121,0.01818181818181818,0.0,0.0,0.0,0.0,0.0,0.0,0.0,0.0,0.0,0.006060606060606061,0.0,0.0,0.0,0.0,0.0,0.0,0.0,0.0,0.0,0.0,0.0,0.0,0.01818181818181818,0.0,0.006060606060606061,0.030303030303030304,0.006060606060606061,0.0,0.012121212121212121,0.0,0.006060606060606061,0.0
14,Hans Ulrich Mathys,Schweizerische Volkspartei (SVP),0.0,0.0,0.0,0.011494252873563218,0.022988505747126436,0.0,0.0,0.0,0.0,0.0,0.0,0.011494252873563218,0.0,0.0,0.0,0.0,0.011494252873563218,0.0,0.0,0.011494252873563218,0.0,0.0,0.0,0.0,0.011494252873563218,0.0,0.0,0.011494252873563218,0.0,0.0,0.0,0.0,0.0,0.0,0.0,0.0,0.0,0.0,0.011494252873563218,0.0,0.0,0.0,0.0,0.0,0.0,0.0,0.0,0.0,0.022988505747126436,0.0,0.0,0.0,0.0,0.0,0.04597701149425287,0.0,0.0,0.5977011494252874,0.0,0.0,0.0,0.0,0.0,0.0,0.0,0.034482758620689655,0.011494252873563218,0.0,0.0,0.0,0.034482758620689655,0.0,0.011494252873563218,0.0,0.0,0.08045977011494253,0.0,0.0,0.022988505747126436,0.0,0.0,0.0,0.0,0.0,0.0,0.0,0.0,0.0,0.0,0.0,0.0,0.011494252873563218,0.0,0.0,0.0,0.0,0.0,0.0,0.0,0.0,0.0,0.0,0.0,0.0,0.0,0.011494252873563218,0.0,0.0,0.011494252873563218,0.0,0.0,0.0
15,Hansjörg Walter,Schweizerische Volkspartei (SVP),0.0,0.0,0.0,0.0,0.008130081300813009,0.0,0.0,0.0,0.008130081300813009,0.04878048780487805,0.024390243902439025,0.008130081300813009,0.016260162601626018,0.0,0.0,0.0,0.008130081300813009,0.008130081300813009,0.0,0.0,0.0,0.0,0.0,0.0,0.008130081300813009,0.0,0.0,0.0,0.0,0.0,0.016260162601626018,0.0,0.008130081300813009,0.0,0.008130081300813009,0.008130081300813009,0.032520325203252036,0.008130081300813009,0.0,0.016260162601626018,0.008130081300813009,0.024390243902439025,0.008130081300813009,0.0,0.0,0.0,0.0,0.0,0.0,0.0,0.0,0.0,0.0,0.008130081300813009,0.024390243902439025,0.016260162601626018,0.0,0.3902439024390244,0.008130081300813009,0.008130081300813009,0.0,0.016260162601626018,0.04878048780487805,0.0,0.0,0.008130081300813009,0.008130081300813009,0.008130081300813009,0.024390243902439025,0.0,0.016260162601626018,0.0,0.016260162601626018,0.0,0.0,0.04065040650406504,0.0,0.0,0.0,0.016260162601626018,0.0,0.0,0.0,0.0,0.0,0.0,0.0,0.0,0.0,0.0,0.0,0.0,0.0,0.0,0.0,0.0,0.0,0.008130081300813009,0.0,0.0,0.0,0.0,0.008130081300813009,0.0,0.0,0.016260162601626018,0.0,0.0,0.024390243902439025,0.008130081300813009,0.0,0.0
16,Hansruedi Wandfluh,Schweizerische Volkspartei (SVP),0.0,0.0,0.007142857142857143,0.0,0.014285714285714285,0.0,0.0,0.0,0.0,0.03571428571428571,0.02857142857142857,0.05714285714285714,0.02142857142857143,0.0,0.0,0.0,0.0,0.014285714285714285,0.02142857142857143,0.0,0.0,0.0,0.0,0.0,0.014285714285714285,0.0,0.0,0.0,0.0,0.0,0.007142857142857143,0.0,0.0,0.0,0.0,0.0,0.02857142857142857,0.007142857142857143,0.007142857142857143,0.0,0.007142857142857143,0.007142857142857143,0.014285714285714285,0.0,0.0,0.0,0.0,0.007142857142857143,0.0,0.007142857142857143,0.0,0.0,0.007142857142857143,0.02142857142857143,0.02857142857142857,0.05714285714285714,0.0,0.2714285714285714,0.02857142857142857,0.06428571428571428,0.0,0.007142857142857143,0.0,0.007142857142857143,0.0,0.03571428571428571,0.0,0.0,0.02857142857142857,0.0,0.0,0.0,0.02142857142857143,0.0,0.0,0.007142857142857143,0.0,0.0,0.0,0.0,0.0,0.0,0.0,0.0,0.0,0.0,0.0,0.0,0.0,0.014285714285714285,0.0,0.0,0.0,0.0,0.0,0.0,0.0,0.014285714285714285,0.007142857142857143,0.02142857142857143,0.007142857142857143,0.0,0.0,0.0,0.0,0.014285714285714285,0.0,0.0,0.014285714285714285,0.0,0.0,0.014285714285714285
17,Hermann Bürgi,Schweizerische Volkspartei (SVP),0.0,0.0,0.0,0.002320185614849188,0.14617169373549885,0.0069605568445475635,0.0,0.0,0.0069605568445475635,0.0,0.0,0.0,0.016241299303944315,0.002320185614849188,0.004640371229698376,0.0,0.03248259860788863,0.0,0.02320185614849188,0.0,0.0,0.002320185614849188,0.0,0.002320185614849188,0.016241299303944315,0.004640371229698376,0.004640371229698376,0.02320185614849188,0.0,0.0,0.0,0.004640371229698376,0.0,0.0,0.0,0.004640371229698376,0.04408352668213457,0.018561484918793503,0.030162412993039442,0.002320185614849188,0.01160092807424594,0.08816705336426914,0.025522041763341066,0.0,0.0,0.0,0.0,0.009280742459396751,0.06264501160092807,0.0,0.0,0.0,0.0,0.002320185614849188,0.025522041763341066,0.0,0.0,0.1368909512761021,0.0,0.0069605568445475635,0.004640371229698376,0.02088167053364269,0.01160092807424594,0.0,0.0,0.0,0.0,0.01160092807424594,0.018561484918793503,0.0,0.037122969837587005,0.0,0.009280742459396751,0.0,0.002320185614849188,0.037122969837587005,0.0,0.01160092807424594,0.0,0.0,0.0,0.0,0.0,0.0,0.0,0.0,0.0,0.0,0.037122969837587005,0.0,0.009280742459396751,0.0,0.0,0.0,0.0,0.0,0.0,0.0,0.0,0.0,0.0,0.0,0.01160092807424594,0.0,0.0,0.0069605568445475635,0.0,0.0,0.002320185614849188,0.0,0.0,0.0
18,Hermann Weyeneth,Schweizerische Volkspartei (SVP),0.0,0.0,0.0,0.0,0.040214477211796246,0.0,0.0,0.0,0.0,0.032171581769437,0.029490616621983913,0.013404825737265416,0.029490616621983913,0.0,0.00804289544235925,0.002680965147453083,0.024128686327077747,0.04825737265415549,0.01876675603217158,0.0,0.0,0.01876675603217158,0.0,0.0,0.013404825737265416,0.00804289544235925,0.00804289544235925,0.005361930294906166,0.0,0.0,0.0,0.0,0.0,0.0,0.002680965147453083,0.0,0.029490616621983913,0.002680965147453083,0.002680965147453083,0.0160857908847185,0.00804289544235925,0.05630026809651475,0.002680965147453083,0.0,0.0,0.0,0.0,0.0,0.0,0.024128686327077747,0.0,0.0,0.0,0.0,0.05361930294906166,0.0,0.0,0.24664879356568364,0.024128686327077747,0.01876675603217158,0.0,0.010723860589812333,0.01876675603217158,0.002680965147453083,0.0,0.005361930294906166,0.005361930294906166,0.010723860589812333,0.021447721179624665,0.0,0.010723860589812333,0.002680965147453083,0.002680965147453083,0.0,0.0,0.002680965147453083,0.0,0.002680965147453083,0.002680965147453083,0.002680965147453083,0.0,0.0,0.0,0.0,0.0,0.0,0.0,0.0,0.002680965147453083,0.005361930294906166,0.0,0.002680965147453083,0.0,0.0,0.0,0.0,0.0,0.0,0.0,0.0,0.0,0.0,0.002680965147453083,0.0,0.0,0.064343163538874,0.005361930294906166,0.0,0.024128686327077747,0.002680965147453083,0.0,0.0
19,J. Alexander Baumann,Schweizerische Volkspartei (SVP),0.0,0.0,0.0,0.04330708661417323,0.14566929133858267,0.027559055118110236,0.003937007874015748,0.0,0.003937007874015748,0.01968503937007874,0.0,0.007874015748031496,0.01968503937007874,0.003937007874015748,0.0,0.0,0.0,0.027559055118110236,0.011811023622047244,0.003937007874015748,0.0,0.023622047244094488,0.0,0.0,0.027559055118110236,0.007874015748031496,0.0,0.01968503937007874,0.0,0.0,0.003937007874015748,0.0,0.007874015748031496,0.0,0.0,0.0,0.05511811023622047,0.04330708661417323,0.01968503937007874,0.011811023622047244,0.011811023622047244,0.05511811023622047,0.003937007874015748,0.0,0.0,0.0,0.0,0.0,0.05905511811023622,0.003937007874015748,0.0,0.0,0.0,0.0,0.01968503937007874,0.011811023622047244,0.0,0.08267716535433071,0.015748031496062992,0.011811023622047244,0.0,0.0,0.007874015748031496,0.011811023622047244,0.0,0.011811023622047244,0.0,0.0,0.1141732283464567,0.0,0.0,0.0,0.003937007874015748,0.0,0.0,0.0,0.0,0.0,0.0,0.003937007874015748,0.0,0.0,0.0,0.0,0.0,0.0,0.0,0.0,0.0,0.0,0.0,0.0,0.0,0.007874015748031496,0.0,0.0,0.0,0.0,0.0,0.003937007874015748,0.0,0.0,0.003937007874015748,0.0,0.0,0.007874015748031496,0.0,0.0,0.003937007874015748,0.0,0.0,0.003937007874015748
20,Jean Henri Dunant,Schweizerische Volkspartei (SVP),0.0,0.0,0.0,0.0,0.08333333333333333,0.0,0.0,0.0,0.0,0.0,0.08333333333333333,0.0,0.0,0.0,0.0,0.0,0.0,0.0,0.0,0.0,0.0,0.0,0.0,0.0,0.0,0.0,0.0,0.0,0.0,0.0,0.0,0.0,0.0,0.0,0.0,0.0,0.0,0.0,0.0,0.0,0.0,0.0,0.08333333333333333,0.0,0.0,0.0,0.0,0.0,0.0,0.0,0.0,0.0,0.0,0.0,0.0,0.0,0.0,0.0,0.08333333333333333,0.0,0.0,0.0,0.0,0.0,0.0,0.08333333333333333,0.0,0.0,0.08333333333333333,0.0,0.0,0.0,0.08333333333333333,0.0,0.0,0.0,0.0,0.0,0.0,0.0,0.0,0.0,0.0,0.0,0.0,0.0,0.0,0.0,0.0,0.0,0.08333333333333333,0.0,0.0,0.0,0.16666666666666666,0.0,0.08333333333333333,0.0,0.0,0.0,0.0,0.0,0.0,0.0,0.0,0.0,0.0,0.0,0.08333333333333333,0.0,0.0,0.0
21,Josef Kunz,Schweizerische Volkspartei (SVP),0.0,0.0,0.0,0.0,0.034482758620689655,0.0,0.0,0.0,0.0,0.017241379310344827,0.008620689655172414,0.034482758620689655,0.0,0.0,0.0,0.0,0.0,0.0,0.0,0.0,0.0,0.0,0.0,0.0,0.0,0.0,0.0,0.0,0.0,0.0,0.0,0.0,0.0,0.0,0.0,0.0,0.008620689655172414,0.008620689655172414,0.008620689655172414,0.008620689655172414,0.008620689655172414,0.034482758620689655,0.02586206896551724,0.0,0.0,0.0,0.0,0.0,0.0,0.0,0.0,0.0,0.0,0.0,0.0,0.034482758620689655,0.0,0.19827586206896552,0.0603448275862069,0.02586206896551724,0.0,0.0,0.008620689655172414,0.0,0.0,0.12931034482758622,0.008620689655172414,0.0,0.0,0.0,0.0,0.0,0.008620689655172414,0.0,0.0,0.008620689655172414,0.0,0.008620689655172414,0.0,0.0,0.0,0.0,0.0,0.0,0.0,0.0,0.0,0.0,0.0,0.008620689655172414,0.0,0.0,0.0,0.06896551724137931,0.0,0.008620689655172414,0.0,0.0,0.0,0.008620689655172414,0.034482758620689655,0.034482758620689655,0.0,0.0,0.0,0.13793103448275862,0.008620689655172414,0.0,0.0,0.0,0.0,0.0
22,Jürg Stahl,Schweizerische Volkspartei (SVP),0.0,0.0,0.0,0.0,0.07142857142857142,0.0,0.0,0.0,0.007936507936507936,0.015873015873015872,0.031746031746031744,0.023809523809523808,0.0,0.0,0.0,0.0,0.0,0.015873015873015872,0.015873015873015872,0.0,0.0,0.007936507936507936,0.0,0.0,0.015873015873015872,0.007936507936507936,0.0,0.0,0.0,0.0,0.007936507936507936,0.0,0.0,0.0,0.0,0.015873015873015872,0.0873015873015873,0.0,0.0,0.0,0.0,0.007936507936507936,0.023809523809523808,0.007936507936507936,0.0,0.0,0.0,0.0,0.0,0.0,0.0,0.0,0.0,0.0,0.047619047619047616,0.047619047619047616,0.0,0.047619047619047616,0.07936507936507936,0.03968253968253968,0.0,0.015873015873015872,0.015873015873015872,0.0,0.0,0.07142857142857142,0.007936507936507936,0.007936507936507936,0.0873015873015873,0.0,0.0,0.0,0.015873015873015872,0.0,0.0,0.0,0.0,0.0,0.015873015873015872,0.0,0.0,0.0,0.0,0.0,0.0,0.0,0.0,0.0,0.0,0.007936507936507936,0.0,0.0,0.0,0.007936507936507936,0.007936507936507936,0.015873015873015872,0.0,0.0,0.007936507936507936,0.03968253968253968,0.015873015873015872,0.0,0.0,0.0,0.0,0.0,0.015873015873015872,0.0,0.007936507936507936,0.0,0.0,0.007936507936507936
23,Luzi Stamm,Schweizerische Volkspartei (SVP),0.0,0.0,0.0,0.0,0.0847457627118644,0.0,0.0,0.0,0.0,0.03389830508474576,0.01694915254237288,0.01694915254237288,0.0,0.0,0.0,0.0,0.0,0.03389830508474576,0.0,0.01694915254237288,0.0,0.03389830508474576,0.0,0.0,0.0,0.0,0.0,0.01694915254237288,0.0,0.0,0.0,0.0,0.0,0.0,0.0,0.0,0.0,0.01694915254237288,0.03389830508474576,0.0,0.0,0.01694915254237288,0.03389830508474576,0.01694915254237288,0.0,0.0,0.01694915254237288,0.0,0.05084745762711865,0.0,0.0,0.0,0.0,0.03389830508474576,0.01694915254237288,0.03389830508474576,0.0,0.13559322033898305,0.0,0.0,0.0,0.0,0.0,0.01694915254237288,0.0,0.0,0.0,0.0,0.1016949152542373,0.0,0.0,0.01694915254237288,0.0847457627118644,0.0,0.0,0.0,0.0,0.01694915254237288,0.01694915254237288,0.0,0.0,0.0,0.0,0.0,0.0,0.0,0.0,0.0,0.0,0.0,0.0,0.0,0.0,0.01694915254237288,0.0,0.0,0.01694915254237288,0.0,0.0,0.0,0.0,0.0,0.0,0.0,0.0,0.05084745762711865,0.0,0.0,0.0,0.0,0.0,0.0
24,Marcel Scherer,Schweizerische Volkspartei (SVP),0.0,0.0,0.0,0.0,0.10377358490566038,0.0,0.0,0.0,0.0,0.02830188679245283,0.0,0.02830188679245283,0.05660377358490566,0.0,0.0,0.0,0.018867924528301886,0.0,0.0,0.02830188679245283,0.0,0.018867924528301886,0.0,0.0,0.03773584905660377,0.009433962264150943,0.0,0.0,0.0,0.0,0.0,0.0,0.0,0.0,0.0,0.0,0.0,0.009433962264150943,0.0,0.009433962264150943,0.0,0.009433962264150943,0.0,0.0,0.0,0.0,0.0,0.0,0.0,0.009433962264150943,0.0,0.0,0.0,0.0,0.04716981132075472,0.009433962264150943,0.0,0.08490566037735849,0.11320754716981132,0.08490566037735849,0.0,0.0,0.009433962264150943,0.0,0.0,0.04716981132075472,0.0,0.0,0.05660377358490566,0.0,0.0,0.0,0.018867924528301886,0.0,0.0,0.0,0.0,0.0,0.0,0.0,0.0,0.0,0.0,0.0,0.0,0.0,0.0,0.0,0.0,0.02830188679245283,0.0,0.0,0.0,0.0,0.02830188679245283,0.009433962264150943,0.04716981132075472,0.009433962264150943,0.009433962264150943,0.0,0.009433962264150943,0.0,0.0,0.0,0.0,0.0,0.0,0.0,0.018867924528301886,0.0,0.0,0.0
25,Max Binder,Schweizerische Volkspartei (SVP),0.0,0.0,0.0043859649122807015,0.0,0.07894736842105263,0.0,0.0,0.02631578947368421,0.0,0.021929824561403508,0.0043859649122807015,0.017543859649122806,0.008771929824561403,0.0,0.0,0.008771929824561403,0.008771929824561403,0.008771929824561403,0.013157894736842105,0.017543859649122806,0.0,0.013157894736842105,0.0,0.0,0.0043859649122807015,0.0,0.0,0.008771929824561403,0.0,0.0,0.0043859649122807015,0.017543859649122806,0.0,0.0,0.0043859649122807015,0.0,0.017543859649122806,0.008771929824561403,0.008771929824561403,0.0,0.043859649122807015,0.08333333333333333,0.0043859649122807015,0.0,0.0,0.0,0.0043859649122807015,0.03508771929824561,0.0,0.013157894736842105,0.021929824561403508,0.0,0.0,0.0,0.013157894736842105,0.0043859649122807015,0.0,0.17982456140350878,0.008771929824561403,0.021929824561403508,0.0,0.0,0.013157894736842105,0.0,0.0,0.013157894736842105,0.0,0.03508771929824561,0.07894736842105263,0.0,0.0043859649122807015,0.0,0.008771929824561403,0.0,0.0,0.008771929824561403,0.0,0.0043859649122807015,0.013157894736842105,0.0043859649122807015,0.0,0.0,0.0,0.0,0.0,0.0,0.0,0.0,0.0043859649122807015,0.0,0.0,0.0,0.0,0.0,0.0,0.008771929824561403,0.0,0.0,0.0043859649122807015,0.0,0.0043859649122807015,0.008771929824561403,0.0,0.0,0.021929824561403508,0.013157894736842105,0.0043859649122807015,0.0,0.0043859649122807015,0.0,0.0,0.0
26,Maximilian Reimann,Schweizerische Volkspartei (SVP),0.0,0.0,0.0021645021645021645,0.012987012987012988,0.04112554112554113,0.0,0.05844155844155844,0.0,0.006493506493506494,0.015151515151515152,0.010822510822510822,0.015151515151515152,0.008658008658008658,0.0,0.0,0.0,0.0367965367965368,0.0,0.004329004329004329,0.0,0.0,0.004329004329004329,0.0,0.0,0.010822510822510822,0.006493506493506494,0.0,0.010822510822510822,0.0,0.010822510822510822,0.0,0.0021645021645021645,0.0,0.0,0.0,0.0,0.0021645021645021645,0.008658008658008658,0.015151515151515152,0.0021645021645021645,0.025974025974025976,0.1038961038961039,0.015151515151515152,0.0,0.0,0.0,0.0,0.004329004329004329,0.004329004329004329,0.017316017316017316,0.010822510822510822,0.0,0.008658008658008658,0.0,0.02813852813852814,0.0,0.0,0.1471861471861472,0.0,0.0,0.0,0.0,0.01948051948051948,0.03463203463203463,0.0,0.0,0.0,0.0,0.07575757575757576,0.0,0.004329004329004329,0.0,0.006493506493506494,0.0,0.0,0.004329004329004329,0.0,0.0,0.006493506493506494,0.010822510822510822,0.0,0.0,0.0,0.0,0.0,0.0,0.0,0.0,0.0021645021645021645,0.0,0.0021645021645021645,0.0,0.0,0.0,0.0,0.0,0.0,0.0,0.0,0.0,0.0,0.0,0.06493506493506493,0.0,0.010822510822510822,0.025974025974025976,0.0670995670995671,0.0,0.008658008658008658,0.0,0.0,0.004329004329004329
27,Otto Laubacher,Schweizerische Volkspartei (SVP),0.0,0.0,0.0,0.0,0.19148936170212766,0.0,0.0,0.0,0.0,0.0,0.0425531914893617,0.02127659574468085,0.0425531914893617,0.0,0.0,0.0,0.0,0.0,0.0,0.0,0.0,0.02127659574468085,0.0,0.0,0.0,0.0,0.0,0.06382978723404255,0.0,0.02127659574468085,0.0,0.0,0.0,0.0,0.0,0.0,0.0,0.0,0.02127659574468085,0.0,0.02127659574468085,0.02127659574468085,0.0,0.0,0.0,0.0,0.06382978723404255,0.0,0.0,0.0,0.0,0.0,0.0,0.0,0.0,0.0,0.0,0.19148936170212766,0.0425531914893617,0.10638297872340426,0.0,0.0,0.0,0.0,0.0,0.0,0.0,0.0,0.0425531914893617,0.0,0.0,0.0,0.0,0.0,0.0,0.0,0.0,0.0,0.0425531914893617,0.0,0.0,0.0,0.0,0.0,0.0,0.0,0.0,0.0,0.0,0.0,0.0,0.0,0.0,0.0,0.0,0.0,0.0,0.0,0.0,0.02127659574468085,0.02127659574468085,0.0,0.0,0.0,0.0,0.0,0.0,0.0,0.0,0.0,0.0,0.0
28,Peter Föhn,Schweizerische Volkspartei (SVP),0.0,0.004901960784313725,0.0,0.0,0.058823529411764705,0.0,0.004901960784313725,0.049019607843137254,0.0,0.024509803921568627,0.0,0.00980392156862745,0.00980392156862745,0.0,0.0,0.0,0.0,0.0,0.0,0.0,0.0,0.00980392156862745,0.0,0.0,0.024509803921568627,0.0,0.0,0.004901960784313725,0.0,0.0,0.004901960784313725,0.00980392156862745,0.0,0.0,0.00980392156862745,0.0,0.014705882352941176,0.0,0.004901960784313725,0.0,0.004901960784313725,0.08823529411764706,0.0,0.0,0.0,0.0,0.00980392156862745,0.00980392156862745,0.0,0.0,0.014705882352941176,0.0,0.0,0.004901960784313725,0.0,0.014705882352941176,0.0,0.3235294117647059,0.029411764705882353,0.00980392156862745,0.0,0.0,0.0,0.004901960784313725,0.0,0.03431372549019608,0.0,0.0392156862745098,0.004901960784313725,0.0,0.0,0.08823529411764706,0.0,0.0,0.0,0.0,0.0,0.0,0.004901960784313725,0.0,0.0,0.0,0.0,0.0,0.0,0.0,0.0,0.0,0.0,0.0,0.00980392156862745,0.0,0.0,0.004901960784313725,0.004901960784313725,0.014705882352941176,0.0,0.004901960784313725,0.0,0.0,0.0,0.0,0.004901960784313725,0.0,0.014705882352941176,0.0,0.0,0.0,0.0,0.0,0.00980392156862745,0.0
29,Peter Spuhler,Schweizerische Volkspartei (SVP),0.0,0.0,0.0,0.0,0.08536585365853659,0.0,0.0,0.0,0.0,0.0,0.0,0.012195121951219513,0.024390243902439025,0.0,0.0,0.012195121951219513,0.0,0.012195121951219513,0.0,0.0,0.0,0.0,0.0,0.0,0.036585365853658534,0.06097560975609756,0.0,0.012195121951219513,0.0,0.012195121951219513,0.0,0.0,0.0,0.0,0.0,0.0,0.024390243902439025,0.036585365853658534,0.012195121951219513,0.0,0.012195121951219513,0.0,0.0,0.0,0.0,0.0,0.0,0.0,0.0,0.024390243902439025,0.0,0.0,0.0,0.012195121951219513,0.012195121951219513,0.0,0.0,0.06097560975609756,0.10975609756097561,0.012195121951219513,0.04878048780487805,0.012195121951219513,0.036585365853658534,0.0,0.0,0.036585365853658534,0.0,0.024390243902439025,0.012195121951219513,0.0,0.0,0.0,0.07317073170731707,0.0,0.0,0.0,0.0,0.0,0.0,0.0,0.0,0.0,0.0,0.0,0.0,0.0,0.0,0.0,0.0,0.0,0.0,0.024390243902439025,0.0,0.012195121951219513,0.0,0.012195121951219513,0.0,0.0,0.012195121951219513,0.012195121951219513,0.0,0.0,0.012195121951219513,0.0,0.0,0.0,0.0,0.0,0.08536585365853659,0.0,0.0,0.0
30,Robert Keller,Schweizerische Volkspartei (SVP),0.0,0.0,0.0,0.025210084033613446,0.03361344537815126,0.0,0.0,0.0,0.0,0.058823529411764705,0.0,0.0,0.01680672268907563,0.0,0.0,0.0,0.0,0.0,0.0,0.0,0.0,0.0,0.0,0.0,0.01680672268907563,0.0,0.025210084033613446,0.0,0.0,0.0,0.0,0.03361344537815126,0.0,0.0,0.01680672268907563,0.0,0.01680672268907563,0.008403361344537815,0.01680672268907563,0.008403361344537815,0.0,0.008403361344537815,0.0,0.0,0.0,0.0,0.0,0.025210084033613446,0.0,0.008403361344537815,0.0,0.0,0.008403361344537815,0.0,0.025210084033613446,0.0,0.0,0.35294117647058826,0.008403361344537815,0.008403361344537815,0.0,0.008403361344537815,0.008403361344537815,0.0,0.0,0.03361344537815126,0.008403361344537815,0.0,0.05042016806722689,0.0,0.0,0.0,0.025210084033613446,0.0,0.0,0.0,0.0,0.0,0.01680672268907563,0.0,0.0,0.0,0.0,0.0,0.0,0.0,0.0,0.0,0.0,0.058823529411764705,0.01680672268907563,0.008403361344537815,0.0,0.0,0.0,0.01680672268907563,0.01680672268907563,0.0,0.0,0.0,0.0,0.0,0.0,0.0,0.0,0.0,0.0,0.0,0.008403361344537815,0.0,0.0,0.0
31,Roland F. Borer,Schweizerische Volkspartei (SVP),0.0,0.014925373134328358,0.007462686567164179,0.007462686567164179,0.09701492537313433,0.0,0.0,0.0,0.0,0.022388059701492536,0.0,0.0,0.007462686567164179,0.0,0.0,0.0,0.0,0.0,0.029850746268656716,0.0,0.0,0.007462686567164179,0.0,0.0,0.0,0.0,0.0,0.0,0.0,0.0,0.0,0.0,0.022388059701492536,0.0,0.0,0.0,0.03731343283582089,0.014925373134328358,0.007462686567164179,0.014925373134328358,0.0,0.007462686567164179,0.1044776119402985,0.0,0.0,0.0,0.0,0.0,0.0,0.014925373134328358,0.0,0.0,0.0,0.014925373134328358,0.014925373134328358,0.022388059701492536,0.0,0.04477611940298507,0.05970149253731343,0.09701492537313433,0.007462686567164179,0.0,0.029850746268656716,0.0,0.0,0.029850746268656716,0.0,0.0,0.007462686567164179,0.0,0.0,0.0,0.0,0.0,0.029850746268656716,0.0,0.0,0.0,0.007462686567164179,0.0,0.0,0.0,0.0,0.0,0.0,0.0,0.0,0.0,0.0,0.0,0.014925373134328358,0.0,0.0,0.007462686567164179,0.014925373134328358,0.007462686567164179,0.0,0.0,0.0,0.022388059701492536,0.014925373134328358,0.014925373134328358,0.022388059701492536,0.0,0.0,0.0,0.007462686567164179,0.0,0.05223880597014925,0.0,0.0,0.03731343283582089
32,Rudolf Joder,Schweizerische Volkspartei (SVP),0.013333333333333334,0.0,0.0,0.0,0.09777777777777778,0.0,0.0044444444444444444,0.0,0.0,0.04888888888888889,0.0044444444444444444,0.017777777777777778,0.0044444444444444444,0.0044444444444444444,0.0,0.0,0.0,0.0,0.0044444444444444444,0.02666666666666667,0.0,0.0,0.0,0.0,0.0044444444444444444,0.0,0.0,0.0,0.0,0.0,0.0,0.0,0.0044444444444444444,0.0,0.0,0.0,0.07555555555555556,0.022222222222222223,0.04,0.008888888888888889,0.0,0.0,0.0,0.0,0.0,0.0,0.0,0.0,0.04888888888888889,0.013333333333333334,0.0,0.0,0.0,0.0044444444444444444,0.04,0.0,0.0,0.04,0.022222222222222223,0.013333333333333334,0.0044444444444444444,0.013333333333333334,0.0,0.0044444444444444444,0.0,0.09333333333333334,0.0,0.0,0.19111111111111112,0.0,0.0,0.0,0.008888888888888889,0.0,0.0,0.0,0.0,0.0,0.0044444444444444444,0.0,0.0,0.0,0.0,0.0,0.0,0.0,0.0,0.0,0.0,0.013333333333333334,0.0044444444444444444,0.0,0.0,0.0044444444444444444,0.0,0.044444444444444446,0.0,0.0,0.0,0.0,0.008888888888888889,0.0044444444444444444,0.03111111111111111,0.0,0.0,0.0,0.0,0.0,0.0044444444444444444,0.0,0.0,0.0
33,Simon Schenk,Schweizerische Volkspartei (SVP),0.0,0.0,0.0,0.0,0.06593406593406594,0.0,0.0,0.0,0.0,0.06593406593406594,0.0,0.054945054945054944,0.0,0.0,0.0,0.0,0.0,0.01098901098901099,0.01098901098901099,0.0,0.0,0.0,0.0,0.0,0.0,0.0,0.0,0.01098901098901099,0.0,0.0,0.0,0.0,0.0,0.0,0.0,0.0,0.01098901098901099,0.0,0.0,0.0,0.01098901098901099,0.0,0.0,0.0,0.0,0.0,0.0,0.0,0.0,0.0,0.03296703296703297,0.0,0.0,0.0,0.02197802197802198,0.054945054945054944,0.0,0.01098901098901099,0.04395604395604396,0.054945054945054944,0.0,0.0,0.03296703296703297,0.0,0.0,0.06593406593406594,0.0,0.06593406593406594,0.0989010989010989,0.0,0.0,0.0,0.0,0.0,0.0,0.0,0.0,0.0,0.0,0.0989010989010989,0.0,0.0,0.0,0.0,0.0,0.0,0.0,0.0,0.0,0.0,0.0,0.0,0.0,0.01098901098901099,0.0,0.07692307692307693,0.0,0.0,0.01098901098901099,0.0,0.0,0.01098901098901099,0.0,0.0,0.03296703296703297,0.0,0.0,0.0,0.02197802197802198,0.0,0.01098901098901099,0.0
34,Theophil Pfister,Schweizerische Volkspartei (SVP),0.0,0.004098360655737705,0.0,0.0,0.07377049180327869,0.0,0.004098360655737705,0.00819672131147541,0.0,0.03278688524590164,0.00819672131147541,0.012295081967213115,0.05737704918032787,0.0,0.0,0.004098360655737705,0.00819672131147541,0.0,0.012295081967213115,0.0,0.0,0.0,0.0,0.0,0.01639344262295082,0.0,0.004098360655737705,0.028688524590163935,0.0,0.0,0.0,0.0,0.0,0.0,0.0,0.0,0.020491803278688523,0.012295081967213115,0.004098360655737705,0.0,0.00819672131147541,0.01639344262295082,0.012295081967213115,0.0,0.0,0.0,0.0,0.0,0.0,0.0,0.0,0.0,0.00819672131147541,0.004098360655737705,0.004098360655737705,0.012295081967213115,0.0,0.24180327868852458,0.012295081967213115,0.0,0.0,0.0,0.012295081967213115,0.0,0.0,0.036885245901639344,0.0,0.00819672131147541,0.02459016393442623,0.0,0.0,0.07377049180327869,0.040983606557377046,0.0,0.0,0.0,0.0,0.0,0.004098360655737705,0.02459016393442623,0.0,0.0,0.0,0.0,0.0,0.0,0.0,0.0,0.0,0.00819672131147541,0.0,0.004098360655737705,0.0,0.03278688524590164,0.00819672131147541,0.004098360655737705,0.004098360655737705,0.02459016393442623,0.02459016393442623,0.004098360655737705,0.0,0.0,0.0,0.0,0.0,0.020491803278688523,0.0,0.004098360655737705,0.004098360655737705,0.0,0.0,0.0
35,This Jenny,Schweizerische Volkspartei (SVP),0.0,0.0,0.014749262536873156,0.0,0.0029498525073746312,0.0,0.0,0.011799410029498525,0.0,0.04129793510324484,0.011799410029498525,0.0058997050147492625,0.02654867256637168,0.0,0.0,0.0058997050147492625,0.011799410029498525,0.0058997050147492625,0.014749262536873156,0.0,0.0,0.011799410029498525,0.0058997050147492625,0.0,0.0058997050147492625,0.0029498525073746312,0.0029498525073746312,0.0029498525073746312,0.0,0.0,0.0029498525073746312,0.0,0.0,0.0,0.008849557522123894,0.0029498525073746312,0.0058997050147492625,0.008849557522123894,0.0058997050147492625,0.0058997050147492625,0.02654867256637168,0.04424778761061947,0.035398230088495575,0.0,0.0,0.0,0.0,0.02064896755162242,0.0,0.0,0.0029498525073746312,0.0,0.0029498525073746312,0.0029498525073746312,0.0029498525073746312,0.0,0.0,0.3864306784660767,0.02359882005899705,0.0,0.0,0.0029498525073746312,0.008849557522123894,0.0029498525073746312,0.0,0.0,0.008849557522123894,0.017699115044247787,0.02359882005899705,0.0,0.0029498525073746312,0.0,0.06489675516224189,0.0,0.0,0.014749262536873156,0.0,0.0,0.011799410029498525,0.0029498525073746312,0.0,0.0,0.0,0.0,0.0,0.0,0.0,0.0,0.0,0.0,0.0029498525073746312,0.0058997050147492625,0.0,0.0,0.0,0.0,0.0,0.0,0.0,0.0,0.0,0.0,0.011799410029498525,0.0,0.0029498525073746312,0.02654867256637168,0.0029498525073746312,0.0,0.0058997050147492625,0.0,0.0,0.0029498525073746312
36,Toni Bortoluzzi,Schweizerische Volkspartei (SVP),0.0,0.0,0.006896551724137931,0.0034482758620689655,0.034482758620689655,0.0,0.0,0.0,0.0,0.05517241379310345,0.0034482758620689655,0.020689655172413793,0.006896551724137931,0.0,0.0,0.0034482758620689655,0.0034482758620689655,0.006896551724137931,0.027586206896551724,0.0034482758620689655,0.0,0.010344827586206896,0.0,0.0,0.013793103448275862,0.020689655172413793,0.0,0.03103448275862069,0.0,0.0,0.0,0.0,0.0,0.0,0.0,0.0,0.07586206896551724,0.0034482758620689655,0.006896551724137931,0.0034482758620689655,0.010344827586206896,0.0,0.0034482758620689655,0.0,0.0,0.0,0.0,0.0034482758620689655,0.0,0.0,0.0,0.0,0.02413793103448276,0.0,0.020689655172413793,0.013793103448275862,0.0,0.12413793103448276,0.05517241379310345,0.020689655172413793,0.02413793103448276,0.006896551724137931,0.006896551724137931,0.006896551724137931,0.0,0.03103448275862069,0.020689655172413793,0.0,0.07931034482758621,0.0,0.0,0.0,0.0,0.0,0.0034482758620689655,0.013793103448275862,0.0,0.006896551724137931,0.006896551724137931,0.0,0.0,0.0,0.0,0.0,0.0,0.0,0.0,0.0,0.0,0.006896551724137931,0.0,0.0034482758620689655,0.0,0.027586206896551724,0.0,0.010344827586206896,0.0,0.0,0.0,0.006896551724137931,0.010344827586206896,0.006896551724137931,0.0034482758620689655,0.0,0.0,0.017241379310344827,0.0034482758620689655,0.0,0.017241379310344827,0.0,0.0,0.06206896551724138
37,Toni Brunner,Schweizerische Volkspartei (SVP),0.0,0.0,0.0,0.0,0.030864197530864196,0.0,0.0,0.0,0.0,0.012345679012345678,0.0,0.037037037037037035,0.006172839506172839,0.006172839506172839,0.0,0.012345679012345678,0.006172839506172839,0.006172839506172839,0.006172839506172839,0.0,0.0,0.012345679012345678,0.0,0.0,0.012345679012345678,0.018518518518518517,0.018518518518518517,0.012345679012345678,0.0,0.0,0.0,0.006172839506172839,0.0,0.0,0.0,0.0,0.006172839506172839,0.0,0.0,0.012345679012345678,0.012345679012345678,0.018518518518518517,0.0,0.0,0.0,0.0,0.0,0.0,0.0,0.0,0.006172839506172839,0.0,0.0,0.006172839506172839,0.024691358024691357,0.006172839506172839,0.0,0.24691358024691357,0.037037037037037035,0.012345679012345678,0.0,0.0,0.012345679012345678,0.0,0.0,0.06790123456790123,0.012345679012345678,0.006172839506172839,0.006172839506172839,0.0,0.0,0.0,0.012345679012345678,0.0,0.006172839506172839,0.0,0.0,0.0,0.0,0.0,0.0,0.0,0.0,0.0,0.0,0.0,0.0,0.0,0.1111111111111111,0.006172839506172839,0.0,0.024691358024691357,0.0,0.006172839506172839,0.0,0.018518518518518517,0.0,0.0,0.006172839506172839,0.006172839506172839,0.0,0.0,0.018518518518518517,0.0,0.006172839506172839,0.06172839506172839,0.0,0.0,0.018518518518518517,0.0,0.0,0.0
38,Ueli Maurer,Schweizerische Volkspartei (SVP),0.0,0.0,0.0,0.0,0.0,0.0,0.0,0.0,0.02127659574468085,0.0425531914893617,0.0,0.0,0.0,0.0,0.0,0.0,0.0,0.0,0.02127659574468085,0.0,0.0,0.0,0.0,0.0,0.0425531914893617,0.0,0.0,0.0,0.0,0.0,0.0,0.0,0.0,0.0,0.0,0.0,0.1276595744680851,0.0,0.0,0.0,0.0,0.1276595744680851,0.0,0.0,0.0,0.0,0.02127659574468085,0.0425531914893617,0.0,0.0,0.0,0.0,0.0,0.0,0.0425531914893617,0.02127659574468085,0.0,0.0425531914893617,0.0,0.0,0.0,0.0,0.1276595744680851,0.0,0.0,0.0,0.0,0.0,0.0,0.0,0.0,0.0,0.0,0.0,0.0,0.0,0.0,0.0425531914893617,0.0851063829787234,0.0,0.0,0.0,0.0,0.0,0.0,0.0,0.0,0.0,0.0,0.02127659574468085,0.0,0.02127659574468085,0.0,0.0,0.02127659574468085,0.02127659574468085,0.0,0.0,0.0,0.0,0.0,0.0,0.0,0.0,0.0,0.0,0.0,0.0,0.02127659574468085,0.0,0.0851063829787234,0.0
39,Ulrich Giezendanner,Schweizerische Volkspartei (SVP),0.0,0.0,0.0,0.0,0.0125,0.0,0.0,0.0,0.0125,0.0125,0.0375,0.0,0.0,0.0,0.0,0.0,0.0,0.0,0.0125,0.0,0.0,0.0125,0.0,0.0,0.0,0.0,0.0,0.0,0.0,0.0,0.0125,0.0,0.0,0.0,0.0125,0.0,0.0375,0.0,0.0,0.0,0.0625,0.1875,0.0875,0.0,0.0375,0.0,0.0375,0.0,0.0,0.0125,0.0125,0.0,0.0,0.0,0.0,0.0125,0.0,0.0875,0.0,0.0,0.0,0.0,0.0125,0.0,0.0,0.0,0.0,0.0375,0.0375,0.0,0.0,0.0,0.0,0.0,0.0,0.0125,0.0,0.0,0.0125,0.0,0.0,0.0,0.0,0.0,0.0,0.0,0.0,0.0,0.05,0.0,0.0,0.0,0.0,0.0,0.0,0.0,0.0,0.0125,0.0,0.0,0.0,0.0,0.0,0.0,0.0125,0.0,0.0,0.0,0.0,0.0,0.1125,0.0
40,Ulrich Schlüer,Schweizerische Volkspartei (SVP),0.0,0.0,0.0,0.01935483870967742,0.0064516129032258064,0.0,0.012903225806451613,0.0,0.0,0.0032258064516129032,0.0,0.012903225806451613,0.00967741935483871,0.0,0.0,0.0,0.0032258064516129032,0.00967741935483871,0.04516129032258064,0.0032258064516129032,0.0,0.00967741935483871,0.0032258064516129032,0.0,0.0032258064516129032,0.012903225806451613,0.0,0.00967741935483871,0.0,0.016129032258064516,0.0,0.0,0.0032258064516129032,0.0,0.0064516129032258064,0.0032258064516129032,0.054838709677419356,0.0,0.0032258064516129032,0.02903225806451613,0.025806451612903226,0.2,0.025806451612903226,0.0,0.0,0.02258064516129032,0.0,0.00967741935483871,0.00967741935483871,0.0,0.0,0.0,0.04838709677419355,0.0,0.0,0.02903225806451613,0.0,0.1032258064516129,0.016129032258064516,0.00967741935483871,0.0032258064516129032,0.0064516129032258064,0.0,0.0,0.0,0.06129032258064516,0.0,0.0,0.00967741935483871,0.0,0.0,0.0032258064516129032,0.012903225806451613,0.0,0.0,0.0,0.0,0.0,0.012903225806451613,0.0,0.0,0.0,0.0,0.0,0.0,0.0,0.0,0.0,0.00967741935483871,0.0032258064516129032,0.0064516129032258064,0.0,0.0,0.00967741935483871,0.0,0.01935483870967742,0.0,0.0064516129032258064,0.0,0.0,0.0032258064516129032,0.0032258064516129032,0.0032258064516129032,0.0,0.0,0.03870967741935484,0.0,0.0,0.0064516129032258064,0.0,0.0,0.0
41,Ulrich Siegrist,Schweizerische Volkspartei (SVP),0.0,0.0,0.0,0.02,0.07,0.0,0.0,0.0,0.01,0.04,0.04,0.03,0.0,0.0,0.0,0.0,0.0,0.01,0.0,0.0,0.0,0.01,0.0,0.0,0.02,0.0,0.0,0.0,0.0,0.0,0.0,0.0,0.0,0.0,0.0,0.0,0.06,0.0,0.0,0.0,0.0,0.01,0.0,0.01,0.0,0.0,0.0,0.0,0.02,0.04,0.0,0.0,0.0,0.02,0.12,0.04,0.0,0.0,0.04,0.02,0.0,0.03,0.0,0.01,0.01,0.03,0.0,0.0,0.11,0.0,0.0,0.0,0.0,0.0,0.0,0.0,0.0,0.0,0.0,0.0,0.0,0.0,0.0,0.0,0.0,0.0,0.0,0.0,0.0,0.05,0.0,0.0,0.0,0.01,0.0,0.01,0.0,0.01,0.0,0.02,0.01,0.01,0.02,0.0,0.0,0.03,0.0,0.0,0.01,0.0,0.0,0.0
42,Walter Glur,Schweizerische Volkspartei (SVP),0.0,0.0,0.0,0.0,0.0,0.0,0.0,0.0,0.0,0.0,0.0,0.0,0.0,0.0,0.0,0.0,0.0,0.0,0.07142857142857142,0.0,0.0,0.0,0.0,0.0,0.0,0.0,0.0,0.0,0.0,0.0,0.0,0.0,0.0,0.0,0.0,0.0,0.07142857142857142,0.0,0.0,0.0,0.07142857142857142,0.07142857142857142,0.0,0.0,0.0,0.0,0.0,0.0,0.0,0.0,0.0,0.0,0.0,0.0,0.0,0.0,0.0,0.07142857142857142,0.0,0.14285714285714285,0.0,0.0,0.0,0.0,0.0,0.07142857142857142,0.0,0.0,0.2857142857142857,0.0,0.0,0.0,0.07142857142857142,0.0,0.0,0.0,0.0,0.0,0.0,0.0,0.0,0.0,0.0,0.0,0.0,0.0,0.0,0.0,0.0,0.0,0.0,0.0,0.0,0.0,0.0,0.07142857142857142,0.0,0.0,0.0,0.0,0.0,0.0,0.0,0.0,0.0,0.0,0.0,0.0,0.0,0.0,0.0,0.0
43,Alexander Tschäppät,Sozialdemokratische Partei der Schweiz (SP),0.0,0.0,0.02040816326530612,0.0,0.061224489795918366,0.0,0.0,0.0,0.0,0.04081632653061224,0.0,0.02040816326530612,0.061224489795918366,0.061224489795918366,0.0,0.0,0.0,0.0,0.0,0.0,0.0,0.0,0.0,0.0,0.0,0.0,0.0,0.02040816326530612,0.0,0.0,0.0,0.0,0.0,0.0,0.0,0.0,0.02040816326530612,0.02040816326530612,0.0,0.0,0.0,0.0,0.0,0.0,0.0,0.0,0.0,0.0,0.10204081632653061,0.02040816326530612,0.02040816326530612,0.0,0.0,0.0,0.0,0.0,0.0,0.1836734693877551,0.0,0.0,0.02040816326530612,0.0,0.0,0.02040816326530612,0.0,0.0,0.0,0.0,0.10204081632653061,0.0,0.04081632653061224,0.0,0.0,0.0,0.0,0.0,0.0,0.0,0.04081632653061224,0.02040816326530612,0.0,0.0,0.0,0.0,0.0,0.0,0.0,0.0,0.0,0.0,0.0,0.0,0.0,0.0,0.0,0.0,0.0,0.0,0.0,0.0,0.0,0.0,0.061224489795918366,0.0,0.02040816326530612,0.0,0.0,0.0,0.02040816326530612,0.0,0.0,0.0
44,Andrea Hämmerle,Sozialdemokratische Partei der Schweiz (SP),0.0,0.0,0.0,0.0,0.03333333333333333,0.0,0.0,0.0,0.06111111111111111,0.016666666666666666,0.027777777777777776,0.022222222222222223,0.0,0.0,0.0,0.0,0.011111111111111112,0.005555555555555556,0.0,0.0,0.0,0.005555555555555556,0.0,0.0,0.0,0.005555555555555556,0.0,0.0,0.005555555555555556,0.03333333333333333,0.0,0.005555555555555556,0.0,0.0,0.005555555555555556,0.0,0.016666666666666666,0.011111111111111112,0.0,0.0,0.0,0.016666666666666666,0.0,0.0,0.05555555555555555,0.0,0.0,0.0,0.0,0.0,0.011111111111111112,0.0,0.0,0.005555555555555556,0.011111111111111112,0.0,0.0,0.17222222222222222,0.027777777777777776,0.016666666666666666,0.0,0.011111111111111112,0.0,0.0,0.027777777777777776,0.005555555555555556,0.0,0.05555555555555555,0.09444444444444444,0.0,0.0,0.0,0.022222222222222223,0.0,0.0,0.0,0.0,0.0,0.005555555555555556,0.044444444444444446,0.0,0.0,0.005555555555555556,0.0,0.005555555555555556,0.0,0.005555555555555556,0.0,0.005555555555555556,0.027777777777777776,0.0,0.0,0.0,0.0,0.0,0.0,0.0,0.0,0.0,0.0,0.0,0.0,0.027777777777777776,0.0,0.011111111111111112,0.011111111111111112,0.0,0.0,0.016666666666666666,0.005555555555555556,0.027777777777777776,0.0
45,Andreas Gross,Sozialdemokratische Partei der Schweiz (SP),0.1722689075630252,0.0,0.0,0.004201680672268907,0.037815126050420166,0.0,0.004201680672268907,0.004201680672268907,0.0,0.004201680672268907,0.008403361344537815,0.008403361344537815,0.0,0.0,0.0,0.0,0.0,0.012605042016806723,0.012605042016806723,0.02100840336134454,0.0,0.004201680672268907,0.0,0.0,0.0,0.008403361344537815,0.0,0.004201680672268907,0.0,0.02100840336134454,0.0,0.0,0.004201680672268907,0.01680672268907563,0.004201680672268907,0.05042016806722689,0.029411764705882353,0.004201680672268907,0.0,0.01680672268907563,0.01680672268907563,0.07142857142857142,0.0,0.025210084033613446,0.0,0.0,0.0,0.01680672268907563,0.0,0.0,0.0,0.06302521008403361,0.0,0.012605042016806723,0.046218487394957986,0.0,0.0,0.004201680672268907,0.004201680672268907,0.0,0.012605042016806723,0.0,0.004201680672268907,0.0,0.008403361344537815,0.0,0.0,0.0,0.05042016806722689,0.0,0.0,0.0,0.0,0.0,0.0,0.0,0.0,0.0,0.02100840336134454,0.0,0.004201680672268907,0.0,0.004201680672268907,0.0,0.0,0.0,0.0,0.0,0.012605042016806723,0.008403361344537815,0.025210084033613446,0.0,0.0,0.0,0.0,0.0,0.0,0.0,0.0,0.0,0.0,0.0,0.012605042016806723,0.0,0.0,0.029411764705882353,0.0,0.0,0.09243697478991597,0.0,0.0,0.0
46,Anita Fetz,Sozialdemokratische Partei der Schweiz (SP),0.0,0.0,0.0,0.00819672131147541,0.00819672131147541,0.0,0.0,0.0,0.0,0.0,0.02459016393442623,0.01639344262295082,0.02459016393442623,0.0,0.0,0.0,0.00819672131147541,0.00819672131147541,0.06557377049180328,0.0,0.0,0.02459016393442623,0.0,0.0,0.0,0.0,0.0,0.0,0.0,0.0,0.00819672131147541,0.0,0.0,0.0,0.040983606557377046,0.03278688524590164,0.09016393442622951,0.0,0.0,0.03278688524590164,0.0,0.01639344262295082,0.0,0.0,0.0,0.0,0.0,0.0,0.0,0.0,0.0,0.0,0.0,0.06557377049180328,0.04918032786885246,0.0,0.0,0.20491803278688525,0.00819672131147541,0.01639344262295082,0.01639344262295082,0.0,0.0,0.0,0.05737704918032787,0.0,0.0,0.0,0.00819672131147541,0.0,0.0,0.00819672131147541,0.03278688524590164,0.0,0.0,0.0,0.0,0.0,0.00819672131147541,0.0,0.00819672131147541,0.01639344262295082,0.01639344262295082,0.0,0.0,0.0,0.0,0.0,0.0,0.0,0.0,0.0,0.0,0.0,0.0,0.0,0.0,0.0,0.0,0.0,0.0,0.0,0.0,0.0,0.0,0.00819672131147541,0.01639344262295082,0.0,0.04918032786885246,0.0,0.0,0.0
47,Anita Thanei,Sozialdemokratische Partei der Schweiz (SP),0.0,0.0,0.041379310344827586,0.0,0.04597701149425287,0.029885057471264367,0.0,0.0,0.0,0.009195402298850575,0.07586206896551724,0.011494252873563218,0.0,0.0022988505747126436,0.0,0.0,0.0022988505747126436,0.009195402298850575,0.0022988505747126436,0.03218390804597701,0.0,0.011494252873563218,0.0,0.0,0.006896551724137931,0.0022988505747126436,0.0,0.004597701149425287,0.0,0.0,0.0,0.004597701149425287,0.0,0.0,0.004597701149425287,0.0,0.009195402298850575,0.05057471264367816,0.02528735632183908,0.006896551724137931,0.0,0.004597701149425287,0.0022988505747126436,0.0,0.0,0.0,0.0,0.0,0.06666666666666667,0.0022988505747126436,0.0,0.0,0.0,0.0,0.08735632183908046,0.0,0.07126436781609195,0.006896551724137931,0.0022988505747126436,0.03218390804597701,0.013793103448275862,0.0367816091954023,0.0022988505747126436,0.011494252873563218,0.03218390804597701,0.0,0.0,0.0,0.08275862068965517,0.0,0.0,0.0,0.011494252873563218,0.0,0.011494252873563218,0.0,0.0,0.0,0.004597701149425287,0.004597701149425287,0.011494252873563218,0.0,0.006896551724137931,0.0022988505747126436,0.0022988505747126436,0.0022988505747126436,0.0022988505747126436,0.0,0.011494252873563218,0.009195402298850575,0.0022988505747126436,0.0,0.0,0.0,0.0,0.0,0.0,0.0,0.0,0.0,0.0,0.0,0.004597701149425287,0.0,0.0,0.04827586206896552,0.0,0.0,0.020689655172413793,0.0,0.0,0.0
48,Barbara Haering,Sozialdemokratische Partei der Schweiz (SP),0.0,0.0,0.0,0.23232323232323232,0.04040404040404041,0.0,0.0,0.0,0.0,0.020202020202020204,0.0,0.0,0.0,0.0,0.0,0.0,0.0,0.0,0.010101010101010102,0.0,0.0,0.0,0.0,0.0,0.0,0.0,0.0,0.020202020202020204,0.0,0.0,0.0,0.0,0.0,0.1919191919191919,0.0,0.0,0.010101010101010102,0.0,0.0,0.0,0.010101010101010102,0.010101010101010102,0.020202020202020204,0.050505050505050504,0.0,0.0,0.0,0.0,0.010101010101010102,0.0,0.0,0.0,0.0,0.0,0.0,0.0,0.0,0.050505050505050504,0.0,0.0,0.0,0.0,0.08080808080808081,0.0,0.020202020202020204,0.0,0.0,0.0,0.04040404040404041,0.0,0.0,0.0,0.010101010101010102,0.0,0.0,0.020202020202020204,0.0,0.0,0.04040404040404041,0.0,0.010101010101010102,0.010101010101010102,0.0,0.0,0.0,0.0,0.0,0.0,0.0,0.010101010101010102,0.0,0.0,0.0,0.0,0.0,0.0,0.0,0.0,0.0,0.0,0.0,0.0,0.010101010101010102,0.0,0.0,0.0,0.0,0.0,0.0707070707070707,0.0,0.0,0.0
49,Barbara Marty Kälin,Sozialdemokratische Partei der Schweiz (SP),0.0,0.0,0.0,0.0,0.022222222222222223,0.0,0.0,0.0,0.0,0.011111111111111112,0.15555555555555556,0.0,0.03333333333333333,0.0,0.0,0.0,0.03333333333333333,0.0,0.011111111111111112,0.0,0.0,0.0,0.0,0.0,0.0,0.022222222222222223,0.0,0.03333333333333333,0.0,0.0,0.0,0.011111111111111112,0.0,0.0,0.0,0.0,0.05555555555555555,0.0,0.011111111111111112,0.07777777777777778,0.0,0.022222222222222223,0.0,0.0,0.0,0.0,0.0,0.022222222222222223,0.0,0.0,0.0,0.0,0.0,0.0,0.022222222222222223,0.0,0.0,0.14444444444444443,0.03333333333333333,0.05555555555555555,0.0,0.0,0.022222222222222223,0.0,0.011111111111111112,0.0,0.0,0.06666666666666667,0.011111111111111112,0.0,0.0,0.0,0.011111111111111112,0.0,0.0,0.011111111111111112,0.0,0.0,0.0,0.0,0.011111111111111112,0.0,0.0,0.0,0.0,0.0,0.0,0.0,0.0,0.0,0.0,0.0,0.0,0.0,0.0,0.0,0.0,0.0,0.0,0.0,0.0,0.0,0.0,0.0,0.0,0.03333333333333333,0.0,0.0,0.044444444444444446,0.0,0.0,0.0
50,Boris Banga,Sozialdemokratische Partei der Schweiz (SP),0.0,0.0,0.0,0.061855670103092786,0.061855670103092786,0.0,0.010309278350515464,0.0,0.0,0.030927835051546393,0.010309278350515464,0.041237113402061855,0.010309278350515464,0.0,0.0,0.0,0.0,0.010309278350515464,0.0,0.0,0.0,0.020618556701030927,0.0,0.0,0.020618556701030927,0.0,0.0,0.0,0.0,0.0,0.0,0.0,0.0,0.010309278350515464,0.010309278350515464,0.0,0.010309278350515464,0.010309278350515464,0.0,0.0,0.030927835051546393,0.05154639175257732,0.08247422680412371,0.05154639175257732,0.0,0.0,0.0,0.0,0.05154639175257732,0.010309278350515464,0.0,0.0,0.0,0.0,0.041237113402061855,0.0,0.020618556701030927,0.08247422680412371,0.020618556701030927,0.0,0.0,0.0,0.0,0.0,0.10309278350515463,0.0,0.0,0.0,0.0,0.0,0.0,0.0,0.010309278350515464,0.0,0.0,0.0,0.0,0.0,0.0,0.0,0.020618556701030927,0.010309278350515464,0.010309278350515464,0.010309278350515464,0.0,0.0,0.0,0.0,0.010309278350515464,0.0,0.0,0.0,0.0,0.0,0.0,0.0,0.0,0.0,0.0,0.0,0.0,0.0,0.020618556701030927,0.0,0.0,0.010309278350515464,0.0,0.0,0.030927835051546393,0.0,0.0,0.0
51,Christine Goll,Sozialdemokratische Partei der Schweiz (SP),0.0,0.0,0.015625,0.0,0.0390625,0.0078125,0.0,0.0,0.0,0.0234375,0.028645833333333332,0.0026041666666666665,0.026041666666666668,0.0,0.0,0.0078125,0.0234375,0.020833333333333332,0.005208333333333333,0.0,0.0,0.010416666666666666,0.0,0.0,0.0234375,0.010416666666666666,0.0,0.005208333333333333,0.0,0.0,0.0078125,0.0,0.0026041666666666665,0.0,0.005208333333333333,0.0,0.026041666666666668,0.018229166666666668,0.0026041666666666665,0.010416666666666666,0.013020833333333334,0.03125,0.0,0.0,0.0078125,0.0,0.0,0.018229166666666668,0.0026041666666666665,0.0,0.0,0.0,0.0026041666666666665,0.010416666666666666,0.026041666666666668,0.0,0.005208333333333333,0.125,0.0234375,0.033854166666666664,0.018229166666666668,0.020833333333333332,0.005208333333333333,0.0,0.0078125,0.0,0.0,0.0,0.046875,0.033854166666666664,0.0,0.0,0.028645833333333332,0.028645833333333332,0.033854166666666664,0.0026041666666666665,0.0,0.0,0.005208333333333333,0.0,0.0026041666666666665,0.0,0.0,0.0,0.0078125,0.0026041666666666665,0.005208333333333333,0.0026041666666666665,0.0,0.0026041666666666665,0.005208333333333333,0.0,0.0,0.0,0.0,0.0,0.0,0.0,0.0,0.0,0.0,0.0,0.028645833333333332,0.033854166666666664,0.0,0.0,0.0026041666666666665,0.0,0.0078125,0.0,0.0,0.044270833333333336
52,Claude Janiak,Sozialdemokratische Partei der Schweiz (SP),0.054187192118226604,0.0,0.0049261083743842365,0.014778325123152709,0.15763546798029557,0.0,0.009852216748768473,0.0,0.0,0.054187192118226604,0.034482758620689655,0.009852216748768473,0.0049261083743842365,0.0049261083743842365,0.0,0.0,0.0,0.0049261083743842365,0.0,0.0,0.0,0.0,0.0,0.0,0.009852216748768473,0.0,0.0049261083743842365,0.0049261083743842365,0.0,0.0,0.0,0.0,0.0,0.0,0.0049261083743842365,0.0,0.04926108374384237,0.019704433497536946,0.009852216748768473,0.024630541871921183,0.0049261083743842365,0.0049261083743842365,0.0,0.0,0.0,0.0,0.0,0.0,0.009852216748768473,0.009852216748768473,0.0,0.014778325123152709,0.0,0.0,0.04926108374384237,0.0,0.0,0.014778325123152709,0.019704433497536946,0.014778325123152709,0.0049261083743842365,0.0,0.0049261083743842365,0.014778325123152709,0.04433497536945813,0.0,0.0,0.0049261083743842365,0.14285714285714285,0.0,0.0,0.0049261083743842365,0.0049261083743842365,0.0,0.0,0.0,0.0,0.0,0.014778325123152709,0.0049261083743842365,0.0,0.014778325123152709,0.0,0.024630541871921183,0.0,0.0,0.0,0.0,0.0049261083743842365,0.03940886699507389,0.019704433497536946,0.0,0.0,0.0,0.0,0.0,0.0,0.0,0.0,0.0,0.0,0.0,0.0049261083743842365,0.0,0.0,0.014778325123152709,0.0,0.0,0.0049261083743842365,0.0,0.0,0.0
53,Doris Stump,Sozialdemokratische Partei der Schweiz (SP),0.0,0.0,0.0,0.0,0.02857142857142857,0.0,0.0,0.0,0.0,0.0380952380952381,0.02857142857142857,0.009523809523809525,0.01904761904761905,0.01904761904761905,0.0,0.0,0.0,0.0,0.0,0.0,0.0,0.0,0.0,0.0,0.009523809523809525,0.0,0.10476190476190476,0.0,0.0,0.0,0.0,0.0,0.0,0.0,0.0,0.01904761904761905,0.02857142857142857,0.009523809523809525,0.0,0.02857142857142857,0.009523809523809525,0.0,0.0,0.0,0.009523809523809525,0.0,0.0,0.02857142857142857,0.009523809523809525,0.009523809523809525,0.0,0.0,0.0,0.0,0.05714285714285714,0.0,0.01904761904761905,0.2,0.01904761904761905,0.0380952380952381,0.009523809523809525,0.0,0.0,0.0,0.009523809523809525,0.0,0.0,0.0,0.0,0.0,0.0,0.0,0.009523809523809525,0.0,0.009523809523809525,0.0,0.0,0.0,0.02857142857142857,0.0,0.01904761904761905,0.0,0.009523809523809525,0.0,0.0,0.0,0.009523809523809525,0.0,0.0,0.0,0.0,0.0,0.0,0.0,0.0,0.009523809523809525,0.0,0.0,0.0,0.0,0.0,0.0,0.0,0.0,0.0,0.10476190476190476,0.009523809523809525,0.0,0.02857142857142857,0.0,0.0,0.0
54,Ernst Leuenberger,Sozialdemokratische Partei der Schweiz (SP),0.0,0.0,0.014251781472684086,0.0,0.06175771971496437,0.0,0.0,0.0,0.004750593824228029,0.014251781472684086,0.004750593824228029,0.0023752969121140144,0.007125890736342043,0.019002375296912115,0.011876484560570071,0.0023752969121140144,0.05938242280285035,0.028503562945368172,0.011876484560570071,0.0,0.0,0.011876484560570071,0.004750593824228029,0.0023752969121140144,0.0166270783847981,0.023752969121140142,0.0,0.014251781472684086,0.0166270783847981,0.0,0.004750593824228029,0.007125890736342043,0.009501187648456057,0.0,0.0,0.011876484560570071,0.019002375296912115,0.014251781472684086,0.004750593824228029,0.004750593824228029,0.023752969121140142,0.08788598574821853,0.004750593824228029,0.0,0.0,0.0,0.0,0.019002375296912115,0.0,0.007125890736342043,0.04513064133016627,0.0,0.0,0.0,0.009501187648456057,0.0,0.0,0.07125890736342043,0.007125890736342043,0.009501187648456057,0.0,0.004750593824228029,0.009501187648456057,0.009501187648456057,0.0,0.0,0.0,0.03800475059382423,0.019002375296912115,0.0,0.0023752969121140144,0.0,0.011876484560570071,0.0,0.0023752969121140144,0.0023752969121140144,0.0,0.0332541567695962,0.007125890736342043,0.03800475059382423,0.0,0.0,0.0,0.0,0.0,0.0,0.0,0.0,0.0,0.0,0.0332541567695962,0.0,0.0,0.0,0.0,0.0,0.0,0.0,0.0,0.0,0.0,0.0,0.007125890736342043,0.0,0.04513064133016627,0.007125890736342043,0.0023752969121140144,0.0,0.011876484560570071,0.021377672209026127,0.0,0.0
55,Erwin Jutzet,Sozialdemokratische Partei der Schweiz (SP),0.0,0.0,0.0053475935828877,0.0,0.08021390374331551,0.0213903743315508,0.0053475935828877,0.0,0.0,0.016042780748663103,0.0855614973262032,0.0,0.016042780748663103,0.016042780748663103,0.0,0.0,0.0,0.0106951871657754,0.026737967914438502,0.0106951871657754,0.0,0.0213903743315508,0.0,0.0,0.0213903743315508,0.0,0.0,0.0106951871657754,0.0,0.0,0.0,0.0,0.0,0.0,0.0106951871657754,0.0,0.053475935828877004,0.0106951871657754,0.0213903743315508,0.026737967914438502,0.0,0.0213903743315508,0.0053475935828877,0.0213903743315508,0.0,0.0053475935828877,0.0,0.0,0.15508021390374332,0.0,0.0,0.0,0.0,0.0,0.016042780748663103,0.0,0.0,0.026737967914438502,0.0106951871657754,0.0213903743315508,0.0,0.0106951871657754,0.0,0.0,0.0053475935828877,0.0,0.0,0.0213903743315508,0.0748663101604278,0.0,0.0,0.0,0.0,0.0,0.0,0.0,0.0,0.016042780748663103,0.0106951871657754,0.0,0.0,0.0,0.0053475935828877,0.0,0.0,0.0,0.0,0.0,0.0053475935828877,0.0,0.016042780748663103,0.0,0.06417112299465241,0.0,0.0,0.0,0.0,0.0,0.0,0.0,0.0,0.0,0.0,0.0,0.0,0.016042780748663103,0.0,0.0,0.0,0.0,0.0,0.0
56,Fabio Pedrina,Sozialdemokratische Partei der Schweiz (SP),0.0,0.0,0.0,0.0,0.041666666666666664,0.0,0.0,0.0,0.0,0.0,0.08333333333333333,0.0,0.0,0.0,0.0,0.0,0.0,0.0,0.0,0.0,0.0,0.0,0.0,0.0,0.0,0.0,0.0,0.0,0.0,0.0,0.0,0.0,0.0,0.0,0.041666666666666664,0.0,0.0,0.041666666666666664,0.0,0.125,0.0,0.0,0.0,0.0,0.041666666666666664,0.0,0.0,0.0,0.08333333333333333,0.0,0.0,0.0,0.0,0.0,0.0,0.0,0.0,0.125,0.0,0.0,0.0,0.0,0.041666666666666664,0.0,0.041666666666666664,0.0,0.0,0.0,0.041666666666666664,0.0,0.0,0.0,0.041666666666666664,0.0,0.0,0.0,0.0,0.0,0.0,0.0,0.0,0.0,0.0,0.0,0.0,0.0,0.0,0.0,0.0,0.0,0.041666666666666664,0.0,0.0,0.0,0.0,0.0,0.0,0.0,0.0,0.0,0.0,0.0,0.041666666666666664,0.0,0.0,0.0,0.0,0.0,0.041666666666666664,0.0,0.125,0.0
57,Franco Cavalli,Sozialdemokratische Partei der Schweiz (SP),0.0,0.0,0.0,0.0,0.0,0.0,0.013888888888888888,0.0,0.0,0.0,0.0,0.0,0.0,0.0,0.0,0.0,0.013888888888888888,0.0,0.013888888888888888,0.0,0.013888888888888888,0.0,0.0,0.0,0.0,0.0,0.0,0.0,0.0,0.0,0.013888888888888888,0.0,0.0,0.0,0.013888888888888888,0.0,0.027777777777777776,0.0,0.0,0.0,0.013888888888888888,0.0,0.0,0.013888888888888888,0.0,0.0,0.0,0.0,0.0,0.0,0.0,0.013888888888888888,0.0,0.013888888888888888,0.027777777777777776,0.0,0.0,0.2222222222222222,0.09722222222222222,0.041666666666666664,0.0,0.0,0.027777777777777776,0.0,0.027777777777777776,0.0,0.0,0.0,0.125,0.0,0.0,0.0,0.1527777777777778,0.0,0.013888888888888888,0.0,0.0,0.0,0.041666666666666664,0.0,0.0,0.0,0.0,0.0,0.0,0.0,0.0,0.027777777777777776,0.0,0.0,0.0,0.0,0.0,0.0,0.0,0.0,0.0,0.0,0.0,0.0,0.0,0.0,0.0,0.0,0.0,0.0,0.0,0.0,0.027777777777777776,0.0,0.0,0.0
58,Hans Widmer,Sozialdemokratische Partei der Schweiz (SP),0.0,0.0,0.005555555555555556,0.0,0.07777777777777778,0.0,0.0,0.0,0.0,0.022222222222222223,0.0,0.027777777777777776,0.03333333333333333,0.0,0.0,0.0,0.016666666666666666,0.005555555555555556,0.016666666666666666,0.0,0.011111111111111112,0.011111111111111112,0.0,0.0,0.016666666666666666,0.0,0.005555555555555556,0.011111111111111112,0.0,0.005555555555555556,0.0,0.0,0.005555555555555556,0.0,0.0,0.0,0.016666666666666666,0.0,0.011111111111111112,0.005555555555555556,0.022222222222222223,0.06666666666666667,0.005555555555555556,0.027777777777777776,0.0,0.0,0.005555555555555556,0.0,0.005555555555555556,0.011111111111111112,0.0,0.022222222222222223,0.0,0.011111111111111112,0.011111111111111112,0.0,0.0,0.2111111111111111,0.03333333333333333,0.022222222222222223,0.005555555555555556,0.0,0.011111111111111112,0.016666666666666666,0.022222222222222223,0.0,0.0,0.0,0.011111111111111112,0.0,0.0,0.016666666666666666,0.044444444444444446,0.0,0.0,0.0,0.0,0.0,0.005555555555555556,0.0,0.0,0.005555555555555556,0.011111111111111112,0.0,0.0,0.0,0.0,0.011111111111111112,0.0,0.011111111111111112,0.005555555555555556,0.0,0.0,0.0,0.0,0.0,0.0,0.0,0.0,0.0,0.0,0.0,0.0,0.0,0.0,0.03888888888888889,0.011111111111111112,0.0,0.011111111111111112,0.0,0.0,0.0
59,Hans-Jürg Fehr,Sozialdemokratische Partei der Schweiz (SP),0.0,0.0,0.00819672131147541,0.0,0.036885245901639344,0.0,0.0,0.18442622950819673,0.0,0.00819672131147541,0.0,0.0,0.012295081967213115,0.004098360655737705,0.0,0.004098360655737705,0.00819672131147541,0.004098360655737705,0.01639344262295082,0.0,0.0,0.00819672131147541,0.0,0.0,0.004098360655737705,0.004098360655737705,0.0,0.004098360655737705,0.0,0.004098360655737705,0.004098360655737705,0.02459016393442623,0.004098360655737705,0.0,0.0,0.0,0.00819672131147541,0.01639344262295082,0.0,0.0,0.012295081967213115,0.00819672131147541,0.0,0.012295081967213115,0.004098360655737705,0.0,0.0,0.03278688524590164,0.0,0.004098360655737705,0.040983606557377046,0.0,0.0,0.004098360655737705,0.03278688524590164,0.0,0.0,0.0860655737704918,0.004098360655737705,0.020491803278688523,0.0,0.004098360655737705,0.01639344262295082,0.00819672131147541,0.004098360655737705,0.0,0.0,0.028688524590163935,0.11065573770491803,0.0,0.004098360655737705,0.0,0.03278688524590164,0.0,0.0,0.0,0.0,0.004098360655737705,0.004098360655737705,0.02459016393442623,0.0,0.0,0.0,0.0,0.004098360655737705,0.0,0.0,0.0,0.00819672131147541,0.0,0.004098360655737705,0.0,0.0,0.0,0.0,0.0,0.0,0.0,0.0,0.0,0.0,0.0,0.01639344262295082,0.0,0.040983606557377046,0.03278688524590164,0.0,0.0,0.00819672131147541,0.0,0.0,0.012295081967213115
60,Hildegard Fässler-Osterwalder,Sozialdemokratische Partei der Schweiz (SP),0.0,0.0,0.0053285968028419185,0.0017761989342806395,0.06216696269982238,0.0,0.0,0.0,0.0,0.012433392539964476,0.0053285968028419185,0.0017761989342806395,0.019538188277087035,0.0,0.0,0.0053285968028419185,0.056838365896980464,0.0,0.010657193605683837,0.0017761989342806395,0.0,0.019538188277087035,0.0,0.0017761989342806395,0.02664298401420959,0.003552397868561279,0.012433392539964476,0.0053285968028419185,0.0,0.0,0.0017761989342806395,0.0,0.007104795737122558,0.0,0.0053285968028419185,0.017761989342806393,0.06216696269982238,0.0053285968028419185,0.003552397868561279,0.0053285968028419185,0.008880994671403197,0.04085257548845471,0.003552397868561279,0.007104795737122558,0.0,0.0,0.0,0.0053285968028419185,0.0053285968028419185,0.012433392539964476,0.0,0.0,0.0017761989342806395,0.023090586145648313,0.028419182948490232,0.0,0.012433392539964476,0.2255772646536412,0.03197158081705151,0.03019538188277087,0.0053285968028419185,0.0017761989342806395,0.021314387211367674,0.0017761989342806395,0.0053285968028419185,0.0,0.0,0.0017761989342806395,0.047957371225577264,0.0,0.0,0.0,0.017761989342806393,0.0,0.0,0.007104795737122558,0.0,0.0017761989342806395,0.003552397868561279,0.0053285968028419185,0.0053285968028419185,0.0,0.0,0.0,0.0,0.0017761989342806395,0.0,0.007104795737122558,0.010657193605683837,0.0017761989342806395,0.0053285968028419185,0.0017761989342806395,0.0,0.0,0.0,0.0,0.0,0.0,0.0,0.0,0.0,0.0,0.010657193605683837,0.003552397868561279,0.0,0.015985790408525755,0.0,0.0,0.014209591474245116,0.0,0.0,0.003552397868561279
61,Jacqueline Fehr,Sozialdemokratische Partei der Schweiz (SP),0.0,0.0,0.0,0.037037037037037035,0.005291005291005291,0.0,0.005291005291005291,0.026455026455026454,0.0,0.026455026455026454,0.047619047619047616,0.0,0.005291005291005291,0.0,0.0,0.005291005291005291,0.005291005291005291,0.005291005291005291,0.005291005291005291,0.0,0.0,0.021164021164021163,0.0,0.0,0.0,0.0,0.0,0.031746031746031744,0.0,0.0,0.0,0.042328042328042326,0.0,0.0,0.0,0.015873015873015872,0.021164021164021163,0.0,0.0,0.010582010582010581,0.005291005291005291,0.0,0.0,0.0,0.010582010582010581,0.0,0.005291005291005291,0.07407407407407407,0.0,0.0,0.010582010582010581,0.0,0.0,0.0,0.021164021164021163,0.0,0.0,0.17989417989417988,0.026455026455026454,0.031746031746031744,0.0,0.0,0.010582010582010581,0.0,0.015873015873015872,0.0,0.0,0.015873015873015872,0.07936507936507936,0.0,0.0,0.0,0.07407407407407407,0.0,0.0,0.0,0.0,0.005291005291005291,0.005291005291005291,0.0,0.005291005291005291,0.0,0.010582010582010581,0.0,0.0,0.0,0.0,0.0,0.0,0.015873015873015872,0.0,0.0,0.0,0.0,0.0,0.0,0.0,0.0,0.0,0.0,0.0,0.0,0.0,0.010582010582010581,0.010582010582010581,0.010582010582010581,0.0,0.0,0.0,0.026455026455026454,0.021164021164021163,0.0
62,Jost Gross,Sozialdemokratische Partei der Schweiz (SP),0.0,0.0,0.04809619238476954,0.0,0.08817635270541083,0.02404809619238477,0.0,0.0,0.014028056112224449,0.01603206412825651,0.04208416833667335,0.050100200400801605,0.028056112224448898,0.006012024048096192,0.0,0.002004008016032064,0.004008016032064128,0.006012024048096192,0.008016032064128256,0.022044088176352707,0.0,0.014028056112224449,0.0,0.0,0.008016032064128256,0.012024048096192385,0.0,0.01002004008016032,0.0,0.0,0.002004008016032064,0.0,0.0,0.0,0.002004008016032064,0.018036072144288578,0.03006012024048096,0.022044088176352707,0.006012024048096192,0.01002004008016032,0.01603206412825651,0.01002004008016032,0.002004008016032064,0.0,0.002004008016032064,0.0,0.0,0.01002004008016032,0.02004008016032064,0.002004008016032064,0.0,0.0,0.0,0.0,0.026052104208416832,0.0,0.004008016032064128,0.056112224448897796,0.03006012024048096,0.022044088176352707,0.01002004008016032,0.006012024048096192,0.002004008016032064,0.012024048096192385,0.050100200400801605,0.0,0.0,0.008016032064128256,0.04408817635270541,0.006012024048096192,0.0,0.0,0.03006012024048096,0.0,0.004008016032064128,0.004008016032064128,0.0,0.004008016032064128,0.004008016032064128,0.002004008016032064,0.01002004008016032,0.0,0.002004008016032064,0.0,0.002004008016032064,0.01002004008016032,0.012024048096192385,0.004008016032064128,0.008016032064128256,0.018036072144288578,0.012024048096192385,0.0,0.012024048096192385,0.0,0.0,0.0,0.0,0.0,0.0,0.0,0.0,0.0,0.004008016032064128,0.0,0.0,0.004008016032064128,0.0,0.0,0.012024048096192385,0.002004008016032064,0.0,0.008016032064128256
63,Mario Fehr,Sozialdemokratische Partei der Schweiz (SP),0.0,0.0,0.0,0.08695652173913043,0.008695652173913044,0.0,0.0,0.0,0.008695652173913044,0.008695652173913044,0.0,0.008695652173913044,0.008695652173913044,0.0,0.0,0.0,0.0,0.0,0.017391304347826087,0.0,0.0,0.017391304347826087,0.0,0.0,0.017391304347826087,0.0,0.0,0.017391304347826087,0.0,0.043478260869565216,0.0,0.0,0.008695652173913044,0.008695652173913044,0.0,0.0,0.017391304347826087,0.0,0.008695652173913044,0.0,0.017391304347826087,0.043478260869565216,0.008695652173913044,0.1826086956521739,0.0,0.0,0.0,0.0,0.0,0.008695652173913044,0.0,0.06956521739130435,0.0,0.008695652173913044,0.017391304347826087,0.0,0.0,0.10434782608695652,0.017391304347826087,0.008695652173913044,0.0,0.0,0.02608695652173913,0.0,0.017391304347826087,0.0,0.0,0.0,0.0,0.0,0.0,0.0,0.008695652173913044,0.0,0.0,0.0,0.12173913043478261,0.0,0.0,0.0,0.0,0.0,0.0,0.0,0.0,0.0,0.0,0.0,0.0,0.0,0.0,0.0,0.0,0.0,0.0,0.0,0.0,0.0,0.0,0.0,0.0,0.0,0.0,0.0,0.0,0.0,0.0,0.0,0.05217391304347826,0.0,0.0,0.0
64,Moritz Leuenberger,Sozialdemokratische Partei der Schweiz (SP),0.0,0.0,0.0016038492381716118,0.0,0.026463512429831595,0.007217321571772253,0.0,0.0024057738572574178,0.0272654370489174,0.0016038492381716118,0.0,0.0,0.022453889334402566,0.0024057738572574178,0.01764234161988773,0.0016038492381716118,0.0024057738572574178,0.011226944667201283,0.012830793905372895,0.0,0.009623095429029671,0.007217321571772253,0.03608660785886127,0.019246190858059342,0.0136327185244587,0.011226944667201283,0.010425020048115477,0.028869286287089013,0.012830793905372895,0.040096230954290296,0.0272654370489174,0.040096230954290296,0.02566158781074579,0.0,0.026463512429831595,0.0048115477145148355,0.0272654370489174,0.015236567762630313,0.0048115477145148355,0.006415396952686447,0.0016038492381716118,0.0016038492381716118,0.0,0.00400962309542903,0.0008019246190858059,0.0,0.03127506014434643,0.023255813953488372,0.0,0.0008019246190858059,0.0016038492381716118,0.0,0.0,0.0048115477145148355,0.020850040096230954,0.0,0.0,0.09863672814755413,0.010425020048115477,0.00801924619085806,0.0024057738572574178,0.0136327185244587,0.0408981555733761,0.0008019246190858059,0.0,0.0,0.0,0.01764234161988773,0.020850040096230954,0.0,0.0,0.0,0.018444266238973536,0.0,0.0,0.0008019246190858059,0.0,0.0056134723336006415,0.011226944667201283,0.07538091419406576,0.0,0.0,0.0,0.0,0.0,0.0,0.0,0.0,0.018444266238973536,0.0056134723336006415,0.0016038492381716118,0.0,0.0,0.0,0.0,0.0,0.0,0.0,0.0,0.0,0.0,0.0,0.0,0.0,0.0016038492381716118,0.00801924619085806,0.0008019246190858059,0.0,0.010425020048115477,0.015236567762630313,0.01764234161988773,0.0008019246190858059
65,Pascale Bruderer Wyss,Sozialdemokratische Partei der Schweiz (SP),0.0,0.0,0.0,0.0,0.0967741935483871,0.0,0.0,0.0,0.0,0.06451612903225806,0.06451612903225806,0.03225806451612903,0.0,0.0,0.0,0.0,0.0,0.0,0.0,0.0,0.0,0.03225806451612903,0.0,0.0,0.03225806451612903,0.03225806451612903,0.0,0.0,0.0,0.0,0.0,0.0,0.0,0.0,0.0,0.06451612903225806,0.0967741935483871,0.03225806451612903,0.03225806451612903,0.0,0.0,0.0,0.0,0.0,0.0,0.0,0.0,0.0,0.0,0.0,0.0,0.0,0.0,0.0,0.03225806451612903,0.0,0.0,0.03225806451612903,0.0,0.0,0.0,0.03225806451612903,0.0,0.0,0.12903225806451613,0.0,0.0,0.03225806451612903,0.0,0.0,0.0,0.0,0.03225806451612903,0.0,0.0,0.0,0.0,0.0,0.0,0.0,0.03225806451612903,0.0,0.03225806451612903,0.0,0.0,0.03225806451612903,0.0,0.03225806451612903,0.0,0.0,0.0,0.0,0.0,0.0,0.0,0.0,0.0,0.0,0.0,0.0,0.0,0.0,0.0,0.0,0.0,0.0,0.0,0.0,0.0,0.0,0.0,0.0
66,Paul Günter,Sozialdemokratische Partei der Schweiz (SP),0.0,0.0,0.0,0.013422818791946308,0.03355704697986577,0.0,0.0,0.0,0.0,0.020134228187919462,0.0,0.0,0.020134228187919462,0.0,0.0,0.0,0.006711409395973154,0.020134228187919462,0.053691275167785234,0.006711409395973154,0.0,0.0,0.0,0.0,0.0,0.013422818791946308,0.0,0.026845637583892617,0.0,0.0,0.0,0.0,0.006711409395973154,0.0,0.013422818791946308,0.020134228187919462,0.09395973154362416,0.0,0.0,0.013422818791946308,0.040268456375838924,0.10738255033557047,0.04697986577181208,0.08053691275167785,0.006711409395973154,0.0,0.0,0.013422818791946308,0.0,0.0,0.0,0.0,0.0,0.006711409395973154,0.006711409395973154,0.0,0.0,0.06040268456375839,0.0,0.006711409395973154,0.0,0.006711409395973154,0.013422818791946308,0.0,0.013422818791946308,0.0,0.006711409395973154,0.0,0.10738255033557047,0.0,0.0,0.0,0.0,0.0,0.0,0.0,0.0,0.006711409395973154,0.013422818791946308,0.03355704697986577,0.0,0.0,0.0,0.006711409395973154,0.0,0.0,0.0,0.0,0.0,0.0,0.0,0.0,0.0,0.0,0.0,0.0,0.0,0.0,0.0,0.0,0.0,0.006711409395973154,0.0,0.0,0.0,0.013422818791946308,0.0,0.0,0.03355704697986577,0.0,0.0,0.0
67,Paul Rechsteiner,Sozialdemokratische Partei der Schweiz (SP),0.0,0.0,0.040740740740740744,0.0,0.025925925925925925,0.0,0.0,0.0,0.007407407407407408,0.011111111111111112,0.007407407407407408,0.003703703703703704,0.007407407407407408,0.007407407407407408,0.0,0.0,0.025925925925925925,0.007407407407407408,0.007407407407407408,0.0,0.0,0.003703703703703704,0.0,0.0,0.007407407407407408,0.003703703703703704,0.0,0.02962962962962963,0.0,0.0,0.018518518518518517,0.0,0.0,0.0,0.0,0.0,0.022222222222222223,0.003703703703703704,0.003703703703703704,0.0,0.0,0.03333333333333333,0.0,0.0,0.0,0.0,0.0,0.003703703703703704,0.007407407407407408,0.0,0.0,0.025925925925925925,0.003703703703703704,0.007407407407407408,0.044444444444444446,0.0,0.03333333333333333,0.0962962962962963,0.02962962962962963,0.022222222222222223,0.0,0.0,0.022222222222222223,0.0,0.022222222222222223,0.0,0.003703703703703704,0.022222222222222223,0.05185185185185185,0.0,0.0,0.0,0.018518518518518517,0.007407407407407408,0.022222222222222223,0.018518518518518517,0.0,0.003703703703703704,0.003703703703703704,0.003703703703703704,0.007407407407407408,0.0,0.0,0.0,0.0,0.0,0.0,0.0,0.007407407407407408,0.0,0.0,0.007407407407407408,0.0,0.0,0.0,0.0,0.0,0.0,0.0,0.0,0.0,0.0,0.0,0.07777777777777778,0.0,0.0,0.0,0.0,0.007407407407407408,0.0,0.0,0.14074074074074075
68,Peter Vollmer,Sozialdemokratische Partei der Schweiz (SP),0.0,0.0,0.014814814814814815,0.0,0.007407407407407408,0.0,0.003703703703703704,0.007407407407407408,0.0,0.014814814814814815,0.06666666666666667,0.022222222222222223,0.007407407407407408,0.003703703703703704,0.003703703703703704,0.0,0.04814814814814815,0.003703703703703704,0.011111111111111112,0.011111111111111112,0.0,0.0,0.0,0.0,0.011111111111111112,0.0,0.0,0.003703703703703704,0.0,0.0,0.003703703703703704,0.003703703703703704,0.0,0.0,0.003703703703703704,0.037037037037037035,0.1111111111111111,0.007407407407407408,0.003703703703703704,0.018518518518518517,0.003703703703703704,0.05185185185185185,0.0,0.007407407407407408,0.003703703703703704,0.0,0.003703703703703704,0.0,0.0,0.0,0.022222222222222223,0.0,0.0,0.0,0.022222222222222223,0.0,0.0,0.037037037037037035,0.014814814814814815,0.011111111111111112,0.007407407407407408,0.007407407407407408,0.018518518518518517,0.003703703703703704,0.014814814814814815,0.0,0.0,0.1037037037037037,0.06296296296296296,0.0,0.007407407407407408,0.0,0.0,0.0,0.022222222222222223,0.0,0.0,0.014814814814814815,0.007407407407407408,0.011111111111111112,0.0,0.0,0.0,0.0,0.0,0.0,0.0,0.003703703703703704,0.0,0.0,0.0,0.0,0.0,0.0,0.0,0.0,0.0,0.0,0.0,0.0,0.0,0.0,0.0,0.0,0.022222222222222223,0.018518518518518517,0.003703703703703704,0.0,0.007407407407407408,0.0,0.03333333333333333,0.022222222222222223
69,Remo Gysin,Sozialdemokratische Partei der Schweiz (SP),0.0,0.0,0.010810810810810811,0.0,0.04594594594594595,0.0,0.021621621621621623,0.0,0.002702702702702703,0.01891891891891892,0.002702702702702703,0.04864864864864865,0.016216216216216217,0.002702702702702703,0.0,0.0,0.02972972972972973,0.008108108108108109,0.008108108108108109,0.0,0.002702702702702703,0.021621621621621623,0.0,0.0,0.013513513513513514,0.03513513513513514,0.002702702702702703,0.002702702702702703,0.0,0.0,0.005405405405405406,0.0,0.002702702702702703,0.002702702702702703,0.008108108108108109,0.0,0.01891891891891892,0.002702702702702703,0.005405405405405406,0.002702702702702703,0.005405405405405406,0.11621621621621622,0.0,0.043243243243243246,0.0,0.04054054054054054,0.0,0.0,0.0,0.008108108108108109,0.0,0.0,0.0,0.0,0.013513513513513514,0.0,0.0,0.1810810810810811,0.02702702702702703,0.02702702702702703,0.005405405405405406,0.002702702702702703,0.008108108108108109,0.002702702702702703,0.04864864864864865,0.0,0.0,0.0,0.024324324324324326,0.0,0.0,0.0,0.005405405405405406,0.0,0.0,0.002702702702702703,0.0,0.002702702702702703,0.013513513513513514,0.016216216216216217,0.0,0.0,0.010810810810810811,0.0,0.0,0.002702702702702703,0.002702702702702703,0.002702702702702703,0.008108108108108109,0.0,0.005405405405405406,0.0,0.0,0.0,0.0,0.0,0.0,0.0,0.0,0.0,0.0,0.0,0.0,0.0,0.0,0.024324324324324326,0.0,0.0,0.005405405405405406,0.0,0.0,0.0
70,Roberto Zanetti,Sozialdemokratische Partei der Schweiz (SP),0.0,0.0,0.0,0.0,0.04225352112676056,0.0,0.0,0.0,0.0,0.014084507042253521,0.09859154929577464,0.0,0.0,0.0,0.0,0.028169014084507043,0.04225352112676056,0.0,0.0,0.0,0.0,0.028169014084507043,0.0,0.0,0.014084507042253521,0.0,0.0,0.014084507042253521,0.0,0.0,0.0,0.0,0.0,0.0,0.0,0.0,0.0,0.0,0.028169014084507043,0.0,0.056338028169014086,0.056338028169014086,0.0,0.0,0.014084507042253521,0.0,0.0,0.0,0.0,0.0,0.0,0.0,0.0,0.0,0.04225352112676056,0.0,0.0,0.23943661971830985,0.0,0.014084507042253521,0.0,0.014084507042253521,0.028169014084507043,0.0,0.0,0.0,0.0,0.0,0.0,0.0,0.0,0.0,0.056338028169014086,0.0,0.0,0.04225352112676056,0.0,0.0,0.0,0.0,0.0,0.0,0.0,0.0,0.0,0.0,0.0,0.0,0.0,0.04225352112676056,0.0,0.0,0.0,0.0,0.0,0.0,0.0,0.0,0.0,0.0,0.0,0.0,0.0,0.0,0.0,0.07042253521126761,0.0,0.0,0.014084507042253521,0.0,0.0,0.0
71,Rudolf Rechsteiner,Sozialdemokratische Partei der Schweiz (SP),0.0,0.0,0.010273972602739725,0.0,0.0,0.0,0.0,0.0,0.0,0.00684931506849315,0.023972602739726026,0.003424657534246575,0.00684931506849315,0.0,0.0,0.0,0.010273972602739725,0.0,0.017123287671232876,0.0,0.0,0.0136986301369863,0.0,0.02054794520547945,0.003424657534246575,0.010273972602739725,0.1917808219178082,0.017123287671232876,0.0,0.0136986301369863,0.003424657534246575,0.0,0.0,0.0,0.00684931506849315,0.0,0.030821917808219176,0.0,0.00684931506849315,0.0,0.0,0.023972602739726026,0.00684931506849315,0.0,0.0,0.0,0.0,0.0,0.0,0.003424657534246575,0.003424657534246575,0.0,0.0,0.0273972602739726,0.0273972602739726,0.0,0.0,0.10616438356164383,0.02054794520547945,0.0136986301369863,0.00684931506849315,0.017123287671232876,0.030821917808219176,0.0,0.010273972602739725,0.0,0.003424657534246575,0.00684931506849315,0.0136986301369863,0.0,0.0,0.0,0.02054794520547945,0.003424657534246575,0.010273972602739725,0.00684931506849315,0.0,0.0,0.0136986301369863,0.00684931506849315,0.003424657534246575,0.0,0.003424657534246575,0.0,0.003424657534246575,0.0,0.0,0.0,0.0,0.010273972602739725,0.003424657534246575,0.0,0.0,0.0,0.0,0.0,0.0,0.0,0.0,0.0,0.0,0.0,0.003424657534246575,0.003424657534246575,0.003424657534246575,0.00684931506849315,0.0,0.0,0.06164383561643835,0.0,0.0,0.11643835616438356
72,Rudolf Strahm,Sozialdemokratische Partei der Schweiz (SP),0.0,0.0,0.0,0.0,0.06326034063260341,0.0024330900243309003,0.0,0.0,0.0,0.019464720194647202,0.0024330900243309003,0.012165450121654502,0.012165450121654502,0.0072992700729927005,0.0,0.0024330900243309003,0.0340632603406326,0.0,0.012165450121654502,0.0,0.0170316301703163,0.014598540145985401,0.0,0.0,0.012165450121654502,0.0072992700729927005,0.004866180048661801,0.0,0.0,0.0,0.004866180048661801,0.0,0.0024330900243309003,0.0,0.0,0.0,0.031630170316301706,0.0,0.004866180048661801,0.0,0.014598540145985401,0.06569343065693431,0.004866180048661801,0.004866180048661801,0.0024330900243309003,0.0,0.0,0.009732360097323601,0.0072992700729927005,0.0072992700729927005,0.0,0.0,0.0,0.0072992700729927005,0.021897810218978103,0.0,0.0072992700729927005,0.1873479318734793,0.038929440389294405,0.031630170316301706,0.024330900243309004,0.0,0.012165450121654502,0.004866180048661801,0.029197080291970802,0.0,0.004866180048661801,0.0024330900243309003,0.06326034063260341,0.0,0.0,0.0,0.051094890510948905,0.0,0.0,0.014598540145985401,0.0,0.004866180048661801,0.0024330900243309003,0.0,0.0024330900243309003,0.0072992700729927005,0.004866180048661801,0.0,0.0,0.0024330900243309003,0.0,0.004866180048661801,0.0072992700729927005,0.024330900243309004,0.0,0.0,0.0,0.0,0.0,0.0,0.0,0.0,0.0,0.0024330900243309003,0.0,0.0,0.0,0.0,0.0,0.021897810218978103,0.0024330900243309003,0.0,0.021897810218978103,0.0,0.0024330900243309003,0.0024330900243309003
73,Ruth-Gaby Vermot-Mangold,Sozialdemokratische Partei der Schweiz (SP),0.0,0.0,0.0,0.0,0.026785714285714284,0.0,0.0,0.0,0.0,0.044642857142857144,0.008928571428571428,0.017857142857142856,0.008928571428571428,0.008928571428571428,0.0,0.0,0.017857142857142856,0.0,0.017857142857142856,0.0,0.0,0.008928571428571428,0.0,0.0,0.0,0.0,0.0,0.0,0.0,0.0,0.0,0.0,0.0,0.0,0.008928571428571428,0.05357142857142857,0.05357142857142857,0.0,0.008928571428571428,0.017857142857142856,0.0,0.05357142857142857,0.0,0.008928571428571428,0.017857142857142856,0.026785714285714284,0.0,0.0,0.0,0.008928571428571428,0.0,0.0,0.0,0.008928571428571428,0.008928571428571428,0.0,0.0,0.09821428571428571,0.03571428571428571,0.017857142857142856,0.0,0.0,0.017857142857142856,0.0,0.008928571428571428,0.0,0.0,0.0,0.24107142857142858,0.017857142857142856,0.008928571428571428,0.0,0.03571428571428571,0.0,0.0,0.0,0.0,0.0,0.03571428571428571,0.0,0.0,0.0,0.0,0.0,0.017857142857142856,0.0,0.0,0.0,0.008928571428571428,0.0,0.008928571428571428,0.0,0.0,0.0,0.0,0.0,0.0,0.0,0.0,0.0,0.0,0.0,0.0,0.0,0.0,0.0,0.0,0.0,0.008928571428571428,0.0,0.0,0.0
74,Simonetta Sommaruga,Sozialdemokratische Partei der Schweiz (SP),0.0,0.0,0.0,0.0,0.044642857142857144,0.0,0.002976190476190476,0.0,0.0,0.026785714285714284,0.14583333333333334,0.01488095238095238,0.008928571428571428,0.008928571428571428,0.0,0.0,0.0,0.017857142857142856,0.008928571428571428,0.002976190476190476,0.0,0.0,0.0,0.0,0.002976190476190476,0.008928571428571428,0.017857142857142856,0.008928571428571428,0.0,0.01488095238095238,0.0,0.0,0.002976190476190476,0.0,0.002976190476190476,0.002976190476190476,0.07142857142857142,0.0,0.008928571428571428,0.020833333333333332,0.005952380952380952,0.047619047619047616,0.0,0.0,0.002976190476190476,0.0,0.0,0.0,0.0,0.002976190476190476,0.0,0.0,0.0,0.017857142857142856,0.008928571428571428,0.0,0.008928571428571428,0.09821428571428571,0.02976190476190476,0.02976190476190476,0.002976190476190476,0.020833333333333332,0.020833333333333332,0.002976190476190476,0.07738095238095238,0.0,0.0,0.0,0.002976190476190476,0.0,0.0,0.0,0.017857142857142856,0.0,0.0,0.0,0.0,0.0,0.026785714285714284,0.020833333333333332,0.017857142857142856,0.0,0.008928571428571428,0.0,0.0,0.002976190476190476,0.011904761904761904,0.002976190476190476,0.005952380952380952,0.008928571428571428,0.002976190476190476,0.0,0.0,0.002976190476190476,0.0,0.0,0.0,0.0,0.0,0.0,0.0,0.0,0.002976190476190476,0.0,0.0,0.002976190476190476,0.0,0.0,0.03571428571428571,0.0,0.0,0.0
75,Susanne Leutenegger Oberholzer,Sozialdemokratische Partei der Schweiz (SP),0.0,0.0,0.04643962848297214,0.0,0.018575851393188854,0.006191950464396285,0.0030959752321981426,0.0,0.0,0.021671826625386997,0.07430340557275542,0.0,0.006191950464396285,0.009287925696594427,0.0,0.0030959752321981426,0.018575851393188854,0.0030959752321981426,0.006191950464396285,0.0030959752321981426,0.0030959752321981426,0.0030959752321981426,0.0,0.0,0.01238390092879257,0.0030959752321981426,0.0,0.006191950464396285,0.0,0.0,0.01238390092879257,0.0030959752321981426,0.0,0.0,0.006191950464396285,0.0030959752321981426,0.01238390092879257,0.018575851393188854,0.009287925696594427,0.01238390092879257,0.02786377708978328,0.14241486068111456,0.0,0.0030959752321981426,0.0030959752321981426,0.0,0.0,0.006191950464396285,0.006191950464396285,0.0,0.0,0.030959752321981424,0.0,0.0,0.01238390092879257,0.0,0.0,0.08359133126934984,0.01238390092879257,0.015479876160990712,0.04024767801857585,0.018575851393188854,0.0030959752321981426,0.0,0.015479876160990712,0.0,0.0,0.0030959752321981426,0.14241486068111456,0.0,0.0030959752321981426,0.0,0.009287925696594427,0.0030959752321981426,0.0,0.006191950464396285,0.0,0.0,0.006191950464396285,0.04024767801857585,0.0,0.0,0.0,0.01238390092879257,0.0,0.0,0.0,0.0,0.0030959752321981426,0.006191950464396285,0.0,0.0,0.0,0.0030959752321981426,0.0,0.0,0.0,0.0,0.0,0.0,0.0,0.0,0.0030959752321981426,0.0030959752321981426,0.0,0.0030959752321981426,0.0,0.0,0.006191950464396285,0.0,0.0,0.0
76,Urs Hofmann,Sozialdemokratische Partei der Schweiz (SP),0.0,0.0,0.009966777408637873,0.013289036544850499,0.026578073089700997,0.0,0.0,0.0,0.0,0.016611295681063124,0.016611295681063124,0.0,0.006644518272425249,0.0,0.0033222591362126247,0.03986710963455149,0.046511627906976744,0.0,0.006644518272425249,0.0,0.0,0.013289036544850499,0.0,0.0,0.019933554817275746,0.0,0.006644518272425249,0.0,0.0,0.0,0.0,0.0033222591362126247,0.0,0.0,0.0,0.0,0.026578073089700997,0.0,0.0,0.013289036544850499,0.019933554817275746,0.03986710963455149,0.006644518272425249,0.0,0.0,0.0,0.0,0.0,0.0,0.026578073089700997,0.0,0.0,0.0,0.013289036544850499,0.046511627906976744,0.0,0.0,0.33222591362126247,0.016611295681063124,0.013289036544850499,0.0,0.0,0.132890365448505,0.0033222591362126247,0.0,0.0,0.0,0.0,0.0,0.0,0.0033222591362126247,0.006644518272425249,0.013289036544850499,0.0,0.006644518272425249,0.013289036544850499,0.0,0.0,0.0033222591362126247,0.009966777408637873,0.0,0.0,0.0,0.0,0.0033222591362126247,0.0,0.0,0.0,0.0,0.009966777408637873,0.0,0.0,0.0,0.0,0.0,0.0,0.0,0.0,0.0,0.0,0.0,0.0,0.0033222591362126247,0.0,0.0,0.0,0.0,0.0,0.0,0.0,0.0,0.006644518272425249
77,Ursula Wyss,Sozialdemokratische Partei der Schweiz (SP),0.0,0.0,0.03225806451612903,0.0,0.016129032258064516,0.0,0.0,0.0,0.0,0.04838709677419355,0.0,0.03225806451612903,0.0,0.0,0.0,0.0,0.0,0.0,0.016129032258064516,0.0,0.0,0.0,0.0,0.06451612903225806,0.04838709677419355,0.0,0.016129032258064516,0.0,0.0,0.016129032258064516,0.0,0.0,0.016129032258064516,0.016129032258064516,0.03225806451612903,0.016129032258064516,0.06451612903225806,0.0,0.0,0.03225806451612903,0.0,0.03225806451612903,0.0,0.0,0.0967741935483871,0.0,0.0,0.0,0.0,0.0,0.0,0.0,0.0,0.0,0.0,0.0,0.0,0.0967741935483871,0.0,0.016129032258064516,0.0,0.0,0.016129032258064516,0.0,0.03225806451612903,0.0,0.0,0.0,0.0967741935483871,0.0,0.0,0.0,0.016129032258064516,0.0,0.016129032258064516,0.0,0.0,0.016129032258064516,0.0,0.0,0.016129032258064516,0.0,0.0,0.0,0.0,0.0,0.0,0.0,0.016129032258064516,0.0,0.0,0.0,0.0,0.0,0.0,0.0,0.0,0.0,0.0,0.0,0.0,0.0,0.0,0.0,0.0,0.03225806451612903,0.0,0.0,0.03225806451612903,0.0,0.0,0.0
78,Vreni Hubmann,Sozialdemokratische Partei der Schweiz (SP),0.0,0.0,0.008620689655172414,0.0,0.08620689655172414,0.0,0.0,0.0,0.0,0.02586206896551724,0.08620689655172414,0.034482758620689655,0.0,0.0,0.0,0.0,0.034482758620689655,0.008620689655172414,0.0,0.0,0.0,0.008620689655172414,0.0,0.0,0.034482758620689655,0.0,0.0,0.008620689655172414,0.0,0.0,0.0,0.0,0.0,0.0,0.008620689655172414,0.008620689655172414,0.02586206896551724,0.008620689655172414,0.008620689655172414,0.008620689655172414,0.017241379310344827,0.09482758620689655,0.0,0.0,0.0,0.0,0.0,0.034482758620689655,0.0,0.008620689655172414,0.0,0.034482758620689655,0.0,0.0,0.0,0.0,0.0,0.034482758620689655,0.02586206896551724,0.017241379310344827,0.0,0.0,0.0,0.0,0.04310344827586207,0.008620689655172414,0.0,0.0,0.04310344827586207,0.0,0.02586206896551724,0.0,0.02586206896551724,0.0,0.0,0.0,0.0,0.0,0.034482758620689655,0.0,0.008620689655172414,0.0,0.008620689655172414,0.0,0.008620689655172414,0.0,0.0,0.0,0.0603448275862069,0.0,0.0,0.0,0.0,0.0,0.0,0.0,0.0,0.0,0.0,0.0,0.0,0.0,0.008620689655172414,0.0,0.0,0.017241379310344827,0.0,0.0,0.034482758620689655,0.0,0.0,0.0
79,Vreni Müller-Hemmi,Sozialdemokratische Partei der Schweiz (SP),0.0,0.0,0.0,0.0028011204481792717,0.09803921568627451,0.0,0.014005602240896359,0.0,0.0028011204481792717,0.0,0.0,0.0,0.022408963585434174,0.0028011204481792717,0.0,0.0,0.0028011204481792717,0.0056022408963585435,0.0028011204481792717,0.0,0.0,0.011204481792717087,0.0,0.0,0.022408963585434174,0.0028011204481792717,0.0,0.014005602240896359,0.0,0.008403361344537815,0.0,0.0,0.0,0.0,0.0028011204481792717,0.0,0.022408963585434174,0.0,0.022408963585434174,0.0056022408963585435,0.025210084033613446,0.0392156862745098,0.0,0.014005602240896359,0.0,0.0,0.0,0.0,0.0,0.011204481792717087,0.0,0.0,0.0,0.0028011204481792717,0.008403361344537815,0.0,0.0,0.17086834733893558,0.0028011204481792717,0.0028011204481792717,0.0,0.0,0.011204481792717087,0.025210084033613446,0.011204481792717087,0.0,0.0,0.0,0.0700280112044818,0.0,0.0,0.15126050420168066,0.03081232492997199,0.0,0.0,0.0028011204481792717,0.0,0.01680672268907563,0.014005602240896359,0.0028011204481792717,0.0028011204481792717,0.0,0.0,0.0,0.0,0.0,0.0,0.0,0.0056022408963585435,0.008403361344537815,0.0,0.0,0.0,0.0,0.0,0.0,0.0,0.0,0.0,0.0,0.0,0.0,0.0056022408963585435,0.0,0.0,0.03361344537815126,0.0,0.047619047619047616,0.01680672268907563,0.0,0.0,0.0
80,Werner Marti,Sozialdemokratische Partei der Schweiz (SP),0.0,0.0,0.016260162601626018,0.024390243902439025,0.056910569105691054,0.056910569105691054,0.0,0.0,0.0,0.0,0.0,0.0,0.032520325203252036,0.008130081300813009,0.0,0.0,0.016260162601626018,0.0,0.008130081300813009,0.0,0.0,0.0,0.0,0.0,0.008130081300813009,0.0,0.0,0.008130081300813009,0.0,0.0,0.016260162601626018,0.016260162601626018,0.0,0.0,0.016260162601626018,0.0,0.032520325203252036,0.0,0.0,0.0,0.008130081300813009,0.06504065040650407,0.0,0.0,0.008130081300813009,0.0,0.0,0.0,0.0,0.016260162601626018,0.016260162601626018,0.0,0.016260162601626018,0.0,0.04065040650406504,0.0,0.0,0.12195121951219512,0.08943089430894309,0.032520325203252036,0.008130081300813009,0.016260162601626018,0.016260162601626018,0.0,0.04878048780487805,0.0,0.0,0.016260162601626018,0.04065040650406504,0.0,0.0,0.0,0.016260162601626018,0.0,0.0,0.0,0.0,0.008130081300813009,0.008130081300813009,0.0,0.0,0.016260162601626018,0.0,0.008130081300813009,0.0,0.0,0.008130081300813009,0.0,0.0,0.0,0.0,0.0,0.0,0.0,0.0,0.0,0.0,0.0,0.0,0.0,0.0,0.0,0.016260162601626018,0.0,0.016260162601626018,0.0,0.0,0.0,0.016260162601626018,0.0,0.008130081300813009,0.0
